Mono path[0] = 'C:/Users/KiKi/Documents/Ql/AI_FinalTerm_MLAgents_PPO_NEW/builds/windows/BossPPO_RLTrain/BossPPO_RLTrain_Data/Managed'
Mono config path = 'C:/Users/KiKi/Documents/Ql/AI_FinalTerm_MLAgents_PPO_NEW/builds/windows/BossPPO_RLTrain/MonoBleedingEdge/etc'
Input System module state changed to: Initialized.
[Physics::Module] Initialized fallback backend.
[Physics::Module] Id: 0xdecafbad
Initialize engine version: 6000.3.10f1 (e35f0c77bd8e)
[Subsystems] Discovering subsystems at path C:/Users/KiKi/Documents/Ql/AI_FinalTerm_MLAgents_PPO_NEW/builds/windows/BossPPO_RLTrain/BossPPO_RLTrain_Data/UnitySubsystems
Forcing GfxDevice: Null
GfxDevice: creating device client; kGfxThreadingModeNonThreaded
NullGfxDevice:
    Version:  NULL 1.0 [1.0]
    Renderer: Null Device
    Vendor:   Unity Technologies
Default GameObject Tag: Player already registered
Default GameObject Tag: GameController already registered
Default GameObject BitMask: Default already registered
Begin MonoManager ReloadAssembly
- Loaded All Assemblies, in  0.242 seconds
- Finished resetting the current domain, in  0.003 seconds
[Physics::Module] Selected backend.
[Physics::Module] Name: PhysX
[Physics::Module] Id: 0xf2b8ea05
[Physics::Module] SDK Version: 4.1.2
[Physics::Module] Integration Version: 1.0.0
[Physics::Module] Threading Mode: Multi-Threaded
Microsoft Media Foundation video decoding to texture disabled: graphics device is Null, only Direct3D 11 and Direct3D 12 (only on desktop) are supported for hardware-accelerated video decoding.
UnloadTime: 0.516600 ms
Registered Communicator in Agent.
[BossRL] safe_opp_move_trace episode=2 step=15 action=MOVE_UP player_cell=(3, 0) boss_cell=(1, 1) dist_before=3 dist_after=2 remained_in_attack_range_after_move=True left_attack_range_after_move=False toward=True away=False lateral=False danger_nearby=False next_warn=False next_dmg=False next_recent_warn=False next_recent_dmg=False safe_move_alternatives=3 attack_allowed=True boss_hp_before=60
[BossRL] safe_opp_move_trace episode=2 step=21 action=MOVE_DOWN player_cell=(3, 3) boss_cell=(3, 1) dist_before=2 dist_after=1 remained_in_attack_range_after_move=True left_attack_range_after_move=False toward=True away=False lateral=False danger_nearby=False next_warn=False next_dmg=False next_recent_warn=False next_recent_dmg=False safe_move_alternatives=2 attack_allowed=True boss_hp_before=60
[BossRL] target_alignment_hit episode=2 step=101 hit_class=root_visible_overlap time=2.000 player_cell=(3,2) player_facing=(0,-1) attack_cells=[2,1;3,1;4,1;2,0;3,0;4,0] boss_cell=(3,1) bosscell_in_attack=True sprite_visible=True visual_root_active_self=True visual_root_active_hierarchy=True sprite_renderer_enabled=True sprite_alpha=1.000 sprite_object=BossSprite boss_visual_pos=(2.56, 1.90, 0.00) visual_cell=(3,2) visual_cell_in_attack=False sprite_bounds_cell=(3,2) sprite_bounds_cell_in_attack=False boss_health_pos=(2.56, 1.00, 0.00) boss_root_pos=(2.56, 1.00, 0.00) renderer_bounds_center=(2.56, 1.90, 0.00) root_cell=(3,1) root_cell_in_attack=True grid_occupant_cell=(0,1) hidden=False dashing=False markdash=False dash_start=(0,0) dash_end=(0,0) dash_current=(0,0) dash_current_in_attack=False dash_line_overlap_attack=False active_damage_overlap_attack=False active_warning_overlap_attack=False attack_cells_overlap_any_active_lane=False boss_hp_before=60 boss_hp_after=59 damage=1
[BossRL] safe_opp_move_trace episode=2 step=30 action=MOVE_RIGHT player_cell=(2, 0) boss_cell=(3, 1) dist_before=2 dist_after=1 remained_in_attack_range_after_move=False left_attack_range_after_move=True toward=True away=False lateral=False danger_nearby=True next_warn=False next_dmg=False next_recent_warn=False next_recent_dmg=False safe_move_alternatives=3 attack_allowed=True boss_hp_before=59
[BossRL] safe_opp_move_trace_result episode=2 step=15 boss_hp_before=60 boss_hp_after_0.5s=60 boss_damage_after_0.5s=0 hit_within_1s=False hit_within_2s=False useful_escape=False no_hit_no_damage=True
[BossRL] safe_opp_move_trace episode=2 step=37 action=MOVE_DOWN player_cell=(3, 0) boss_cell=(2, 1) dist_before=2 dist_after=3 remained_in_attack_range_after_move=False left_attack_range_after_move=True toward=False away=True lateral=False danger_nearby=False next_warn=False next_dmg=False next_recent_warn=False next_recent_dmg=False safe_move_alternatives=3 attack_allowed=True boss_hp_before=59
[BossRL] safe_opp_move_trace_result episode=2 step=21 boss_hp_before=60 boss_hp_after_0.5s=59 boss_damage_after_0.5s=1 hit_within_1s=False hit_within_2s=False useful_escape=False no_hit_no_damage=False
[BossRL] safe_opp_move_trace episode=2 step=45 action=MOVE_LEFT player_cell=(3, -1) boss_cell=(2, 0) dist_before=2 dist_after=1 remained_in_attack_range_after_move=False left_attack_range_after_move=True toward=True away=False lateral=False danger_nearby=False next_warn=False next_dmg=False next_recent_warn=False next_recent_dmg=False safe_move_alternatives=3 attack_allowed=True boss_hp_before=59
[BossRL] safe_opp_move_trace_result episode=2 step=30 boss_hp_before=59 boss_hp_after_0.5s=59 boss_damage_after_0.5s=0 hit_within_1s=False hit_within_2s=False useful_escape=True no_hit_no_damage=True
[BossRL] safe_opp_move_trace_result episode=2 step=37 boss_hp_before=59 boss_hp_after_0.5s=59 boss_damage_after_0.5s=0 hit_within_1s=False hit_within_2s=False useful_escape=False no_hit_no_damage=True
[BossRL] safe_opp_move_trace_result episode=2 step=45 boss_hp_before=59 boss_hp_after_0.5s=59 boss_damage_after_0.5s=0 hit_within_1s=False hit_within_2s=False useful_escape=False no_hit_no_damage=True
[BossRL] target_alignment_hit episode=2 step=681 hit_class=dash_current_overlap time=13.600 player_cell=(-2,0) player_facing=(1,0) attack_cells=[-1,-1;-1,0;-1,1;0,-1;0,0;0,1] boss_cell=(-1,1) bosscell_in_attack=True sprite_visible=True visual_root_active_self=True visual_root_active_hierarchy=True sprite_renderer_enabled=True sprite_alpha=1.000 sprite_object=BossSprite boss_visual_pos=(-0.86, 2.16, 0.00) visual_cell=(-1,2) visual_cell_in_attack=False sprite_bounds_cell=(-1,2) sprite_bounds_cell_in_attack=False boss_health_pos=(-0.86, 0.86, 0.00) boss_root_pos=(-0.86, 0.86, 0.00) renderer_bounds_center=(-0.86, 2.16, 0.00) root_cell=(-1,1) root_cell_in_attack=True grid_occupant_cell=(0,1) hidden=False dashing=True markdash=False dash_start=(-3,3) dash_end=(3,-3) dash_current=(-1,1) dash_current_in_attack=True dash_line_overlap_attack=True active_damage_overlap_attack=True active_warning_overlap_attack=False attack_cells_overlap_any_active_lane=True boss_hp_before=59 boss_hp_after=58 damage=1
[BossRL] target_alignment_hit episode=2 step=1156 hit_class=root_visible_overlap time=23.100 player_cell=(2,0) player_facing=(1,0) attack_cells=[3,-1;3,0;3,1;4,-1;4,0;4,1] boss_cell=(3,1) bosscell_in_attack=True sprite_visible=True visual_root_active_self=True visual_root_active_hierarchy=True sprite_renderer_enabled=True sprite_alpha=1.000 sprite_object=BossSprite boss_visual_pos=(3.00, 2.30, 0.00) visual_cell=(3,2) visual_cell_in_attack=False sprite_bounds_cell=(3,2) sprite_bounds_cell_in_attack=False boss_health_pos=(3.00, 1.00, 0.00) boss_root_pos=(3.00, 1.00, 0.00) renderer_bounds_center=(3.00, 2.30, 0.00) root_cell=(3,1) root_cell_in_attack=True grid_occupant_cell=(0,1) hidden=False dashing=False markdash=False dash_start=(0,-3) dash_end=(0,3) dash_current=(0,3) dash_current_in_attack=False dash_line_overlap_attack=False active_damage_overlap_attack=False active_warning_overlap_attack=False attack_cells_overlap_any_active_lane=False boss_hp_before=58 boss_hp_after=57 damage=1
[BossRL] target_alignment_hit episode=2 step=1196 hit_class=root_visible_overlap time=23.900 player_cell=(1,0) player_facing=(1,0) attack_cells=[2,-1;2,0;2,1;3,-1;3,0;3,1] boss_cell=(2,1) bosscell_in_attack=True sprite_visible=True visual_root_active_self=True visual_root_active_hierarchy=True sprite_renderer_enabled=True sprite_alpha=1.000 sprite_object=BossSprite boss_visual_pos=(2.00, 2.02, 0.00) visual_cell=(2,2) visual_cell_in_attack=False sprite_bounds_cell=(2,2) sprite_bounds_cell_in_attack=False boss_health_pos=(2.00, 0.72, 0.00) boss_root_pos=(2.00, 0.72, 0.00) renderer_bounds_center=(2.00, 2.02, 0.00) root_cell=(2,1) root_cell_in_attack=True grid_occupant_cell=(0,1) hidden=False dashing=False markdash=False dash_start=(0,-3) dash_end=(0,3) dash_current=(0,3) dash_current_in_attack=False dash_line_overlap_attack=False active_damage_overlap_attack=False active_warning_overlap_attack=False attack_cells_overlap_any_active_lane=False boss_hp_before=57 boss_hp_after=56 damage=1
[BossRL] target_alignment_hit episode=2 step=1446 hit_class=normal_visible time=28.900 player_cell=(-1,-2) player_facing=(1,0) attack_cells=[0,-3;0,-2;0,-1;1,-3;1,-2;1,-1] boss_cell=(1,-2) bosscell_in_attack=True sprite_visible=True visual_root_active_self=True visual_root_active_hierarchy=True sprite_renderer_enabled=True sprite_alpha=1.000 sprite_object=BossSprite boss_visual_pos=(1.00, -0.70, 0.00) visual_cell=(1,-1) visual_cell_in_attack=True sprite_bounds_cell=(1,-1) sprite_bounds_cell_in_attack=True boss_health_pos=(1.00, -2.00, 0.00) boss_root_pos=(1.00, -2.00, 0.00) renderer_bounds_center=(1.00, -0.70, 0.00) root_cell=(1,-2) root_cell_in_attack=True grid_occupant_cell=(0,1) hidden=False dashing=False markdash=False dash_start=(0,-3) dash_end=(0,3) dash_current=(0,3) dash_current_in_attack=False dash_line_overlap_attack=False active_damage_overlap_attack=False active_warning_overlap_attack=False attack_cells_overlap_any_active_lane=False boss_hp_before=56 boss_hp_after=55 damage=1
[BossRL] target_alignment_hit episode=2 step=2111 hit_class=normal_visible time=42.200 player_cell=(-2,3) player_facing=(0,-1) attack_cells=[-3,2;-2,2;-1,2;-3,1;-2,1;-1,1] boss_cell=(-2,1) bosscell_in_attack=True sprite_visible=True visual_root_active_self=True visual_root_active_hierarchy=True sprite_renderer_enabled=True sprite_alpha=1.000 sprite_object=BossSprite boss_visual_pos=(-2.00, 2.24, 0.00) visual_cell=(-2,2) visual_cell_in_attack=True sprite_bounds_cell=(-2,2) sprite_bounds_cell_in_attack=True boss_health_pos=(-2.00, 0.94, 0.00) boss_root_pos=(-2.00, 0.94, 0.00) renderer_bounds_center=(-2.00, 2.24, 0.00) root_cell=(-2,1) root_cell_in_attack=True grid_occupant_cell=(0,1) hidden=False dashing=False markdash=False dash_start=(0,-3) dash_end=(0,3) dash_current=(0,3) dash_current_in_attack=False dash_line_overlap_attack=False active_damage_overlap_attack=False active_warning_overlap_attack=False attack_cells_overlap_any_active_lane=False boss_hp_before=55 boss_hp_after=54 damage=1
[BossRL] target_alignment_hit episode=2 step=2396 hit_class=normal_visible time=47.900 player_cell=(1,2) player_facing=(1,0) attack_cells=[2,1;2,2;2,3;3,1;3,2;3,3] boss_cell=(2,2) bosscell_in_attack=True sprite_visible=True visual_root_active_self=True visual_root_active_hierarchy=True sprite_renderer_enabled=True sprite_alpha=1.000 sprite_object=BossSprite boss_visual_pos=(2.00, 3.30, 0.00) visual_cell=(2,3) visual_cell_in_attack=True sprite_bounds_cell=(2,3) sprite_bounds_cell_in_attack=True boss_health_pos=(2.00, 2.00, 0.00) boss_root_pos=(2.00, 2.00, 0.00) renderer_bounds_center=(2.00, 3.30, 0.00) root_cell=(2,2) root_cell_in_attack=True grid_occupant_cell=(0,1) hidden=False dashing=False markdash=False dash_start=(0,-3) dash_end=(0,3) dash_current=(0,3) dash_current_in_attack=False dash_line_overlap_attack=False active_damage_overlap_attack=False active_warning_overlap_attack=False attack_cells_overlap_any_active_lane=False boss_hp_before=54 boss_hp_after=53 damage=1
[BossRL] terminal_reward reason=player_dead value=-8.000
[BossRL] EPISODE_END reason=player_dead steps=3167 survival=63.3s survived10s=True survived20s=True
  reward: total=-23.107 boss=0.700 hit=-4.000 death=-8.000 warn_tile=-8.900 dmg_tile=-0.600 wall=0.000 approach=0.000 missed_atk=0.000 cooldown_atk=0.000 moved_into_danger=-2.200 safe_atk=0.560 missed_safe_opp=-0.033
  boss: hp_start=60 hp_left=53 dmg_dealt=7 dmg_before_first_hit=5
  move_mask: wall(geometry)=339 warn=235(should=0) dmg=44 recent_warn=88(should=0) recent_dmg=0(should=0) due_to_busy=0(must=0) allowed=1830 dangerous_attempts=367
  move_escape: wait_only_states=0 geo=0 dmg=0 busy=0(must=0) boss_cell=0(must=0) escape_forced_open=0 boss_cell_blocked=0(must=0) boss_cell_allowed=71 busy_at_mask=273 wait_actions=151
  attack_mask: total_masked=599 allowed(safe_in_range)=35 survival_stage=0 not_ready=100 out_of_range=492 on_warn=4 on_dmg=0 on_recent_warn=2 on_recent_dmg=0
  attack_quality: actions=20 hits=7 missed=0 cooldown=0 hit_rate=35.0 % dmg_per_atk=0.350
  target_alignment: logs=7 boss_sprite_visible_hit_count=7 boss_sprite_invisible_hit_count=0 boss_sprite_off_but_bosscell_hit_count=0 boss_visual_root_inactive_hit_count=0 boss_renderer_disabled_hit_count=0 boss_alpha_zero_hit_count=0 bosscell_in_attack_range_but_sprite_not_visible_count=0 bosscell_in_attack_range_but_sprite_cell_out_of_range_count=4 sprite_visible_cell_in_attack_range_count=3 sprite_visible_cell_out_of_attack_range_count=4 hidden_boss_attack_reward_count=0
  dash_target_alignment: hit_class_normal_visible_count=3 hit_class_root_visible_overlap_count=3 hit_class_dash_current_overlap_count=1 hit_class_stale_bosscell_count=0 hit_class_hidden_target_count=0 hit_class_off_lane_empty_count=0 hit_class_unknown_remaining_count=0 root_cell_in_attack_range_count=7 sprite_bounds_cell_in_attack_range_count=3 boss_cell_in_attack_range_count=7 root_in_range_sprite_bounds_out_count=4 root_in_range_sprite_invisible_count=0 sprite_bounds_out_but_root_visible_overlap_count=3 dash_current_root_overlap_count=1 dash_current_visual_overlap_count=1 dash_allowed_candidate_count=1 dash_stale_bosscell_only_count=0 dash_off_lane_empty_count=0 dash_hit_allowed_candidate_count=1 dash_hit_current_visual_overlap_count=1 dash_hit_bosscell_only_count=0 dash_hit_previous_position_suspect_count=0 dash_hit_future_endcell_suspect_count=0 dash_hit_outside_active_lane_count=6 dash_hit_inside_active_damage_lane_count=1 dash_hit_inside_active_warning_lane_count=0
  rl_target_gate: rl_attack_allowed_normal_visible_count=19 rl_attack_allowed_root_visible_overlap_count=14 rl_attack_allowed_dash_current_overlap_count=2 rl_attack_blocked_hidden_target_count=1 rl_attack_blocked_stale_bosscell_count=0 rl_attack_blocked_off_lane_empty_count=0 external_attack_blocked_target_hidden_count=0 hidden_target_successful_hit_after_gate_count=0 root_visible_overlap_successful_hit_after_gate_count=3 dash_current_overlap_successful_hit_after_gate_count=1
  markatk_observation: markatk_real_spawn_count=0 markatk_fake_spawn_count=0 markatk_real_observed_count=0 markatk_fake_observed_count=0 markatk_real_visible_cell_count=0 markatk_fake_visible_cell_count=0 markatk_registry_active_count=0 markatk_registry_stale_count=0 markatk_visible_during_markdash_count=0 markatk_fake_used_by_danger_mask_count=0 markatk_fake_used_by_attack_mask_count=0 fake_marker_in_danger_mask_count=0
  sweep_history_observation: phase2_sweep_history_active_steps=598 previous_warning_2_nonzero_steps=254 previous_damage_1_nonzero_steps=56 recent_sweep_history_nonzero_steps=598 sweep_visible_history_stack_nonzero_steps=598 sweep_history_channel_nonzero_count=9293 sweep_history_channels_added_count=3 next_band_direct_observation_count=0 sweep_sequence_index_observation_count=0
  diagonal_blindspot_wiggle_diag: diagonal_blindspot_bosscell_steps=74 diagonal_blindspot_root_steps=74 diagonal_blindspot_visual_steps=52 diagonal_blindspot_attack_count=10 diagonal_blindspot_attack_hit_count=0 diagonal_blindspot_move_count=59 diagonal_blindspot_back_and_forth_count=3 diagonal_blindspot_axis_exit_count=27 diagonal_blindspot_kept_safe_count=97 diagonal_blindspot_then_player_hit_count=0 diagonal_blindspot_boss_melee_whiff_candidate_count=29 attack_after_diagonal_wiggle_count=0 axis_position_step_count=223 axis_position_player_hit_count=0 axis_position_boss_melee_hit_count=0 diagonal_blindspot_player_hit_count=2 diagonal_blindspot_boss_melee_hit_count=2 axis_vs_diagonal_hit_rate_delta=-0.027 player_in_boss_front_axis=86 player_in_boss_back_axis=43 player_in_boss_left_axis=40 player_in_boss_right_axis=36 player_in_boss_diagonal_blindspot=125
  action_histogram: wait=147 move_up=109 move_down=119 move_left=125 move_right=130 attack=20
  action_space: move_branch=483 attack_branch_intent=20 attack_applied=20 simultaneous_move_attack=16 simultaneous_move_attack_allowed=16 simultaneous_move_attack_blocked=0 simultaneous_move_attack_successful_hit=3 attack_while_moving=5 diagonal_blindspot_move_attack=8 dash_current_overlap_move_attack=0 safe_opp_attack_ratio=55.6 %
  attack_range: in_range_steps=57 atk_in_range=20 atk_out_range=0 avg_dist=2.00 first_atk_dist=3.00
  distance_position: avg_distance_to_boss=3.53 min_distance_to_boss=0 max_distance_to_boss=11 time_in_attack_range_steps=57 time_out_of_attack_range_steps=577 entered_attack_range_count=38 left_attack_range_count=37
  hazard: warn_steps=89 dmg_steps=3 atk_on_warn=0 atk_on_dmg=0 atk_on_recent_warn=0 atk_on_recent_dmg=0
  recent_danger: on_recent_warn_steps=94 on_recent_dmg_steps=3 recent_warn_cells_now=9 recent_dmg_cells_now=0
  warn_reentry: reentry=1 dmg_soon=1 hit_soon=1 hit_after_avoid=1
  opportunity: safe_opp_steps=36 safe_taken=20 safe_hit=0 safe_missed=20 in_range_no_attack=22 atk_out_of_range=0 atk_danger_nearby=5
  safe_opp_action: total=36 attack=20 wait=4 move=28 missed=16 attack_ratio=55.6 % wait_ratio=11.1 % move_ratio=77.8 % move_toward_boss=10 move_away_from_boss=10 move_lateral=8
  safe_opp_move_trace_summary: samples=5 total_moves=28 useful_escape=1 kept_attack_range=11 left_attack_range=17 away_without_danger=8 hit_within_2s=0 no_hit_no_damage=4 attack_would_have_been_allowed=28
  warning_on_player: spawn_count=30 safe_move_available=13 escape_success=28 escape_fail=1 hit=1 chosen_wait=4 chosen_attack=0 chosen_move=26 spawn_to_damage_frames_avg=42.0 decision_before_damage=1 no_decision_before_damage=0
  boss_facing_diag: facing_changed_warning_to_damage=1 hit_when_facing_changed=1 hit_by_original_warning_direction=0 hit_by_rotated_damage_direction=1 pattern_hit_unknown=1
  attack_allowed_action: allowed_steps=36 chosen_attack_when_allowed=20 missed_allowed_attack=16
  delayed_hit: safe_same_step=0 safe_0.3s=7 safe_0.5s=7 out_of_range_0.5s=0 unsafe_0.5s=0
  move_danger_mask: warn_when_safe=235 recent_warn_when_safe=88 dmg_when_safe=44 least_danger_opened=42 wait_masked=52 safe_avail_steps=592 chose_safe=252 chose_danger=22
  danger: nearby_steps=306 wait_while_danger=68 safe_move=114 danger_move=22 attack=5 move_into_warn=21 move_into_dmg=0 move_into_recent_warn=22 move_into_recent_dmg=0
  hit_analysis: hit_on_warn=0 hit_on_dmg=2 hit_on_recent_warn=2 hit_safe_move_avail=2 avoidable=2 hit_after_move_danger=1 warn_to_hit_avg_steps=7.0
  player: hits=2 first_hit_step=1961 first_hit_time=39.2s death_time=63.3s
  move: actions=483 success=274 wall_blocked=0 wall_ratio=0 % (U=0 D=0 L=0 R=0) wait_actions=151
[BossRLReset] queue_reload reload_count=0 time=16.663
[BossRLReset] before_load_scene reload_count=0 time=16.686 elapsed_since_queue=0.023s
Unloading 5 Unused Serialized files (Serialized files now loaded: 0)
UnloadTime: 9.182700 ms
[BossRLReset] after_scene_loaded reload_count=1 time=16.707
Unloading 7 unused Assets to reduce memory usage. Loaded Objects now: 4325.
Total: 2.922600 ms (FindLiveObjects: 0.327900 ms CreateObjectMapping: 0.110400 ms MarkObjects: 2.464700 ms  DeleteObjects: 0.019400 ms)

[BossRL] target_alignment_hit episode=2 step=51 hit_class=root_visible_overlap time=64.400 player_cell=(0,2) player_facing=(0,-1) attack_cells=[-1,1;0,1;1,1;-1,0;0,0;1,0] boss_cell=(0,1) bosscell_in_attack=True sprite_visible=True visual_root_active_self=True visual_root_active_hierarchy=True sprite_renderer_enabled=True sprite_alpha=1.000 sprite_object=BossSprite boss_visual_pos=(0.00, 2.30, 0.00) visual_cell=(0,2) visual_cell_in_attack=False sprite_bounds_cell=(0,2) sprite_bounds_cell_in_attack=False boss_health_pos=(0.00, 1.00, 0.00) boss_root_pos=(0.00, 1.00, 0.00) renderer_bounds_center=(0.00, 2.30, 0.00) root_cell=(0,1) root_cell_in_attack=True grid_occupant_cell=(0,1) hidden=False dashing=False markdash=False dash_start=(0,0) dash_end=(0,0) dash_current=(0,0) dash_current_in_attack=False dash_line_overlap_attack=False active_damage_overlap_attack=False active_warning_overlap_attack=False attack_cells_overlap_any_active_lane=False boss_hp_before=60 boss_hp_after=59 damage=1
[BossRL] safe_opp_move_trace episode=2 step=42 action=MOVE_UP player_cell=(-2, 0) boss_cell=(-1, 2) dist_before=3 dist_after=2 remained_in_attack_range_after_move=True left_attack_range_after_move=False toward=True away=False lateral=False danger_nearby=False next_warn=False next_dmg=False next_recent_warn=False next_recent_dmg=False safe_move_alternatives=4 attack_allowed=True boss_hp_before=59
[BossRL] safe_opp_move_trace episode=2 step=43 action=MOVE_LEFT player_cell=(-2, 1) boss_cell=(-1, 2) dist_before=2 dist_after=2 remained_in_attack_range_after_move=False left_attack_range_after_move=True toward=False away=False lateral=True danger_nearby=True next_warn=False next_dmg=False next_recent_warn=False next_recent_dmg=False safe_move_alternatives=3 attack_allowed=True boss_hp_before=59
[BossRL] safe_opp_move_trace episode=2 step=51 action=MOVE_RIGHT player_cell=(0, 2) boss_cell=(-1, 1) dist_before=2 dist_after=3 remained_in_attack_range_after_move=True left_attack_range_after_move=False toward=False away=True lateral=False danger_nearby=True next_warn=False next_dmg=False next_recent_warn=False next_recent_dmg=False safe_move_alternatives=3 attack_allowed=True boss_hp_before=59
[BossRL] safe_opp_move_trace episode=2 step=57 action=MOVE_RIGHT player_cell=(1, 2) boss_cell=(-1, 1) dist_before=3 dist_after=4 remained_in_attack_range_after_move=False left_attack_range_after_move=True toward=False away=True lateral=False danger_nearby=False next_warn=False next_dmg=False next_recent_warn=False next_recent_dmg=False safe_move_alternatives=4 attack_allowed=True boss_hp_before=59
[BossRL] safe_opp_move_trace_result episode=2 step=42 boss_hp_before=59 boss_hp_after_0.5s=59 boss_damage_after_0.5s=0 hit_within_1s=False hit_within_2s=False useful_escape=False no_hit_no_damage=True
[BossRL] safe_opp_move_trace_result episode=2 step=43 boss_hp_before=59 boss_hp_after_0.5s=59 boss_damage_after_0.5s=0 hit_within_1s=False hit_within_2s=False useful_escape=True no_hit_no_damage=True
[BossRL] safe_opp_move_trace episode=2 step=63 action=MOVE_RIGHT player_cell=(2, 2) boss_cell=(1, 1) dist_before=2 dist_after=3 remained_in_attack_range_after_move=True left_attack_range_after_move=False toward=False away=True lateral=False danger_nearby=False next_warn=False next_dmg=False next_recent_warn=False next_recent_dmg=False safe_move_alternatives=4 attack_allowed=True boss_hp_before=59
[BossRL] safe_opp_move_trace_result episode=2 step=51 boss_hp_before=59 boss_hp_after_0.5s=59 boss_damage_after_0.5s=0 hit_within_1s=False hit_within_2s=False useful_escape=True no_hit_no_damage=True
[BossRL] safe_opp_move_trace_result episode=2 step=57 boss_hp_before=59 boss_hp_after_0.5s=59 boss_damage_after_0.5s=0 hit_within_1s=False hit_within_2s=False useful_escape=False no_hit_no_damage=True
[BossRL] safe_opp_move_trace_result episode=2 step=63 boss_hp_before=59 boss_hp_after_0.5s=59 boss_damage_after_0.5s=0 hit_within_1s=False hit_within_2s=False useful_escape=False no_hit_no_damage=True
[BossRL] target_alignment_hit episode=2 step=501 hit_class=normal_visible time=73.400 player_cell=(0,2) player_facing=(-1,0) attack_cells=[-1,3;-1,2;-1,1;-2,3;-2,2;-2,1] boss_cell=(-2,2) bosscell_in_attack=True sprite_visible=True visual_root_active_self=True visual_root_active_hierarchy=True sprite_renderer_enabled=True sprite_alpha=1.000 sprite_object=BossSprite boss_visual_pos=(-2.00, 3.30, 0.00) visual_cell=(-2,3) visual_cell_in_attack=True sprite_bounds_cell=(-2,3) sprite_bounds_cell_in_attack=True boss_health_pos=(-2.00, 2.00, 0.00) boss_root_pos=(-2.00, 2.00, 0.00) renderer_bounds_center=(-2.00, 3.30, 0.00) root_cell=(-2,2) root_cell_in_attack=True grid_occupant_cell=(0,1) hidden=False dashing=False markdash=False dash_start=(0,0) dash_end=(0,0) dash_current=(0,0) dash_current_in_attack=False dash_line_overlap_attack=False active_damage_overlap_attack=False active_warning_overlap_attack=False attack_cells_overlap_any_active_lane=False boss_hp_before=59 boss_hp_after=58 damage=1
[BossRL] target_alignment_hit episode=2 step=1066 hit_class=root_visible_overlap time=84.700 player_cell=(-3,-3) player_facing=(1,0) attack_cells=[-2,-4;-2,-3;-2,-2;-1,-4;-1,-3;-1,-2] boss_cell=(-2,-2) bosscell_in_attack=True sprite_visible=True visual_root_active_self=True visual_root_active_hierarchy=True sprite_renderer_enabled=True sprite_alpha=1.000 sprite_object=BossSprite boss_visual_pos=(-2.44, -1.10, 0.00) visual_cell=(-2,-1) visual_cell_in_attack=False sprite_bounds_cell=(-2,-1) sprite_bounds_cell_in_attack=False boss_health_pos=(-2.44, -2.00, 0.00) boss_root_pos=(-2.44, -2.00, 0.00) renderer_bounds_center=(-2.44, -1.10, 0.00) root_cell=(-2,-2) root_cell_in_attack=True grid_occupant_cell=(0,1) hidden=False dashing=False markdash=False dash_start=(0,-3) dash_end=(0,3) dash_current=(0,3) dash_current_in_attack=False dash_line_overlap_attack=False active_damage_overlap_attack=False active_warning_overlap_attack=False attack_cells_overlap_any_active_lane=False boss_hp_before=58 boss_hp_after=57 damage=1
[BossRL] target_alignment_hit episode=2 step=1196 hit_class=root_visible_overlap time=87.300 player_cell=(-3,0) player_facing=(0,-1) attack_cells=[-4,-1;-3,-1;-2,-1;-4,-2;-3,-2;-2,-2] boss_cell=(-2,-1) bosscell_in_attack=True sprite_visible=True visual_root_active_self=True visual_root_active_hierarchy=True sprite_renderer_enabled=True sprite_alpha=1.000 sprite_object=BossSprite boss_visual_pos=(-2.00, 0.58, 0.00) visual_cell=(-2,1) visual_cell_in_attack=False sprite_bounds_cell=(-2,1) sprite_bounds_cell_in_attack=False boss_health_pos=(-2.00, -0.72, 0.00) boss_root_pos=(-2.00, -0.72, 0.00) renderer_bounds_center=(-2.00, 0.58, 0.00) root_cell=(-2,-1) root_cell_in_attack=True grid_occupant_cell=(0,1) hidden=False dashing=False markdash=False dash_start=(0,-3) dash_end=(0,3) dash_current=(0,3) dash_current_in_attack=False dash_line_overlap_attack=False active_damage_overlap_attack=False active_warning_overlap_attack=False attack_cells_overlap_any_active_lane=False boss_hp_before=57 boss_hp_after=56 damage=1
[BossRL] target_alignment_hit episode=2 step=1296 hit_class=normal_visible time=89.300 player_cell=(-3,-3) player_facing=(0,1) attack_cells=[-2,-2;-3,-2;-4,-2;-2,-1;-3,-1;-4,-1] boss_cell=(-2,-2) bosscell_in_attack=True sprite_visible=True visual_root_active_self=True visual_root_active_hierarchy=True sprite_renderer_enabled=True sprite_alpha=1.000 sprite_object=BossSprite boss_visual_pos=(-2.11, -1.10, 0.00) visual_cell=(-2,-1) visual_cell_in_attack=True sprite_bounds_cell=(-2,-1) sprite_bounds_cell_in_attack=True boss_health_pos=(-2.11, -2.00, 0.00) boss_root_pos=(-2.11, -2.00, 0.00) renderer_bounds_center=(-2.11, -1.10, 0.00) root_cell=(-2,-2) root_cell_in_attack=True grid_occupant_cell=(0,1) hidden=False dashing=False markdash=False dash_start=(0,-3) dash_end=(0,3) dash_current=(0,3) dash_current_in_attack=False dash_line_overlap_attack=False active_damage_overlap_attack=False active_warning_overlap_attack=False attack_cells_overlap_any_active_lane=False boss_hp_before=56 boss_hp_after=55 damage=1
[BossRL] terminal_reward reason=player_dead value=-8.000
[BossRL] EPISODE_END reason=player_dead steps=2145 survival=42.9s survived10s=True survived20s=True
  reward: total=-19.653 boss=0.500 hit=-4.000 death=-8.000 warn_tile=-5.300 dmg_tile=-0.600 wall=0.000 approach=0.000 missed_atk=0.000 cooldown_atk=0.000 moved_into_danger=-2.200 safe_atk=0.400 missed_safe_opp=-0.024
  boss: hp_start=60 hp_left=55 dmg_dealt=5 dmg_before_first_hit=5
  move_mask: wall(geometry)=277 warn=148(should=0) dmg=22 recent_warn=39(should=0) recent_dmg=0(should=0) due_to_busy=0(must=0) allowed=1230 dangerous_attempts=209
  move_escape: wait_only_states=0 geo=0 dmg=0 busy=0(must=0) boss_cell=0(must=0) escape_forced_open=0 boss_cell_blocked=0(must=0) boss_cell_allowed=49 busy_at_mask=191 wait_actions=84
  attack_mask: total_masked=405 allowed(safe_in_range)=24 survival_stage=0 not_ready=80 out_of_range=314 on_warn=3 on_dmg=0 on_recent_warn=1 on_recent_dmg=0
  attack_quality: actions=16 hits=5 missed=0 cooldown=0 hit_rate=31.3 % dmg_per_atk=0.313
  target_alignment: logs=5 boss_sprite_visible_hit_count=5 boss_sprite_invisible_hit_count=0 boss_sprite_off_but_bosscell_hit_count=0 boss_visual_root_inactive_hit_count=0 boss_renderer_disabled_hit_count=0 boss_alpha_zero_hit_count=0 bosscell_in_attack_range_but_sprite_not_visible_count=0 bosscell_in_attack_range_but_sprite_cell_out_of_range_count=3 sprite_visible_cell_in_attack_range_count=2 sprite_visible_cell_out_of_attack_range_count=3 hidden_boss_attack_reward_count=0
  dash_target_alignment: hit_class_normal_visible_count=2 hit_class_root_visible_overlap_count=3 hit_class_dash_current_overlap_count=0 hit_class_stale_bosscell_count=0 hit_class_hidden_target_count=0 hit_class_off_lane_empty_count=0 hit_class_unknown_remaining_count=0 root_cell_in_attack_range_count=5 sprite_bounds_cell_in_attack_range_count=2 boss_cell_in_attack_range_count=5 root_in_range_sprite_bounds_out_count=3 root_in_range_sprite_invisible_count=0 sprite_bounds_out_but_root_visible_overlap_count=3 dash_current_root_overlap_count=0 dash_current_visual_overlap_count=0 dash_allowed_candidate_count=0 dash_stale_bosscell_only_count=0 dash_off_lane_empty_count=0 dash_hit_allowed_candidate_count=0 dash_hit_current_visual_overlap_count=0 dash_hit_bosscell_only_count=0 dash_hit_previous_position_suspect_count=0 dash_hit_future_endcell_suspect_count=0 dash_hit_outside_active_lane_count=5 dash_hit_inside_active_damage_lane_count=0 dash_hit_inside_active_warning_lane_count=0
  rl_target_gate: rl_attack_allowed_normal_visible_count=12 rl_attack_allowed_root_visible_overlap_count=12 rl_attack_allowed_dash_current_overlap_count=0 rl_attack_blocked_hidden_target_count=7 rl_attack_blocked_stale_bosscell_count=0 rl_attack_blocked_off_lane_empty_count=0 external_attack_blocked_target_hidden_count=0 hidden_target_successful_hit_after_gate_count=0 root_visible_overlap_successful_hit_after_gate_count=3 dash_current_overlap_successful_hit_after_gate_count=0
  markatk_observation: markatk_real_spawn_count=0 markatk_fake_spawn_count=0 markatk_real_observed_count=0 markatk_fake_observed_count=0 markatk_real_visible_cell_count=0 markatk_fake_visible_cell_count=0 markatk_registry_active_count=0 markatk_registry_stale_count=0 markatk_visible_during_markdash_count=0 markatk_fake_used_by_danger_mask_count=0 markatk_fake_used_by_attack_mask_count=0 fake_marker_in_danger_mask_count=0
  sweep_history_observation: phase2_sweep_history_active_steps=360 previous_warning_2_nonzero_steps=159 previous_damage_1_nonzero_steps=37 recent_sweep_history_nonzero_steps=360 sweep_visible_history_stack_nonzero_steps=360 sweep_history_channel_nonzero_count=5932 sweep_history_channels_added_count=3 next_band_direct_observation_count=0 sweep_sequence_index_observation_count=0
  diagonal_blindspot_wiggle_diag: diagonal_blindspot_bosscell_steps=59 diagonal_blindspot_root_steps=59 diagonal_blindspot_visual_steps=32 diagonal_blindspot_attack_count=9 diagonal_blindspot_attack_hit_count=0 diagonal_blindspot_move_count=38 diagonal_blindspot_back_and_forth_count=1 diagonal_blindspot_axis_exit_count=18 diagonal_blindspot_kept_safe_count=76 diagonal_blindspot_then_player_hit_count=0 diagonal_blindspot_boss_melee_whiff_candidate_count=25 attack_after_diagonal_wiggle_count=0 axis_position_step_count=133 axis_position_player_hit_count=0 axis_position_boss_melee_hit_count=0 diagonal_blindspot_player_hit_count=1 diagonal_blindspot_boss_melee_hit_count=1 axis_vs_diagonal_hit_rate_delta=-0.017 player_in_boss_front_axis=43 player_in_boss_back_axis=51 player_in_boss_left_axis=20 player_in_boss_right_axis=6 player_in_boss_diagonal_blindspot=90
  action_histogram: wait=79 move_up=78 move_down=80 move_left=92 move_right=95 attack=16
  action_space: move_branch=345 attack_branch_intent=16 attack_applied=16 simultaneous_move_attack=11 simultaneous_move_attack_allowed=11 simultaneous_move_attack_blocked=0 simultaneous_move_attack_successful_hit=0 attack_while_moving=8 diagonal_blindspot_move_attack=6 dash_current_overlap_move_attack=0 safe_opp_attack_ratio=51.6 %
  attack_range: in_range_steps=51 atk_in_range=16 atk_out_range=0 avg_dist=2.19 first_atk_dist=1.00
  distance_position: avg_distance_to_boss=3.35 min_distance_to_boss=0 max_distance_to_boss=10 time_in_attack_range_steps=51 time_out_of_attack_range_steps=378 entered_attack_range_count=37 left_attack_range_count=37
  hazard: warn_steps=53 dmg_steps=3 atk_on_warn=0 atk_on_dmg=0 atk_on_recent_warn=0 atk_on_recent_dmg=0
  recent_danger: on_recent_warn_steps=64 on_recent_dmg_steps=6 recent_warn_cells_now=6 recent_dmg_cells_now=0
  warn_reentry: reentry=1 dmg_soon=1 hit_soon=1 hit_after_avoid=1
  opportunity: safe_opp_steps=31 safe_taken=16 safe_hit=0 safe_missed=16 in_range_no_attack=19 atk_out_of_range=0 atk_danger_nearby=5
  safe_opp_action: total=31 attack=16 wait=0 move=26 missed=15 attack_ratio=51.6 % wait_ratio=0.0 % move_ratio=83.9 % move_toward_boss=6 move_away_from_boss=9 move_lateral=11
  safe_opp_move_trace_summary: samples=5 total_moves=26 useful_escape=2 kept_attack_range=10 left_attack_range=16 away_without_danger=8 hit_within_2s=0 no_hit_no_damage=5 attack_would_have_been_allowed=26
  warning_on_player: spawn_count=18 safe_move_available=9 escape_success=16 escape_fail=1 hit=1 chosen_wait=1 chosen_attack=0 chosen_move=17 spawn_to_damage_frames_avg=42.0 decision_before_damage=1 no_decision_before_damage=0
  boss_facing_diag: facing_changed_warning_to_damage=0 hit_when_facing_changed=0 hit_by_original_warning_direction=1 hit_by_rotated_damage_direction=0 pattern_hit_unknown=1
  attack_allowed_action: allowed_steps=31 chosen_attack_when_allowed=16 missed_allowed_attack=15
  delayed_hit: safe_same_step=0 safe_0.3s=5 safe_0.5s=5 out_of_range_0.5s=0 unsafe_0.5s=0
  move_danger_mask: warn_when_safe=148 recent_warn_when_safe=39 dmg_when_safe=22 least_danger_opened=37 wait_masked=27 safe_avail_steps=392 chose_safe=171 chose_danger=20
  danger: nearby_steps=181 wait_while_danger=32 safe_move=63 danger_move=20 attack=5 move_into_warn=14 move_into_dmg=1 move_into_recent_warn=20 move_into_recent_dmg=2
  hit_analysis: hit_on_warn=0 hit_on_dmg=2 hit_on_recent_warn=2 hit_safe_move_avail=1 avoidable=1 hit_after_move_danger=1 warn_to_hit_avg_steps=7.0
  player: hits=2 first_hit_step=1706 first_hit_time=34.1s death_time=42.9s
  move: actions=345 success=191 wall_blocked=0 wall_ratio=0 % (U=0 D=0 L=0 R=0) wait_actions=84
[BossRLReset] queue_reload reload_count=1 time=26.187
[BossRLReset] before_load_scene reload_count=1 time=26.200 elapsed_since_queue=0.013s
Unloading 2 Unused Serialized files (Serialized files now loaded: 0)
UnloadTime: 0.953900 ms
[BossRLReset] after_scene_loaded reload_count=2 time=26.211
Unloading 5 unused Assets to reduce memory usage. Loaded Objects now: 4325.
Total: 2.702200 ms (FindLiveObjects: 0.206400 ms CreateObjectMapping: 0.217300 ms MarkObjects: 2.248600 ms  DeleteObjects: 0.029300 ms)

[BossRL] safe_opp_move_trace episode=2 step=6 action=MOVE_RIGHT player_cell=(0, 3) boss_cell=(0, 1) dist_before=2 dist_after=3 remained_in_attack_range_after_move=True left_attack_range_after_move=False toward=False away=True lateral=False danger_nearby=False next_warn=False next_dmg=False next_recent_warn=False next_recent_dmg=False safe_move_alternatives=3 attack_allowed=True boss_hp_before=60
[BossRL] safe_opp_move_trace_result episode=2 step=6 boss_hp_before=60 boss_hp_after_0.5s=60 boss_damage_after_0.5s=0 hit_within_1s=False hit_within_2s=False useful_escape=False no_hit_no_damage=True
[BossRL] safe_opp_move_trace episode=2 step=36 action=MOVE_DOWN player_cell=(1, 0) boss_cell=(1, 2) dist_before=2 dist_after=3 remained_in_attack_range_after_move=False left_attack_range_after_move=True toward=False away=True lateral=False danger_nearby=False next_warn=False next_dmg=False next_recent_warn=False next_recent_dmg=False safe_move_alternatives=4 attack_allowed=True boss_hp_before=60
[BossRL] safe_opp_move_trace episode=2 step=44 action=MOVE_LEFT player_cell=(1, 0) boss_cell=(1, 1) dist_before=1 dist_after=1 remained_in_attack_range_after_move=False left_attack_range_after_move=True toward=False away=False lateral=True danger_nearby=False next_warn=False next_dmg=False next_recent_warn=False next_recent_dmg=False safe_move_alternatives=4 attack_allowed=True boss_hp_before=60
[BossRL] safe_opp_move_trace_result episode=2 step=36 boss_hp_before=60 boss_hp_after_0.5s=60 boss_damage_after_0.5s=0 hit_within_1s=False hit_within_2s=False useful_escape=False no_hit_no_damage=True
[BossRL] safe_opp_move_trace episode=2 step=58 action=MOVE_UP player_cell=(3, 0) boss_cell=(2, 1) dist_before=2 dist_after=1 remained_in_attack_range_after_move=False left_attack_range_after_move=True toward=True away=False lateral=False danger_nearby=False next_warn=False next_dmg=False next_recent_warn=False next_recent_dmg=False safe_move_alternatives=3 attack_allowed=True boss_hp_before=60
[BossRL] safe_opp_move_trace_result episode=2 step=44 boss_hp_before=60 boss_hp_after_0.5s=60 boss_damage_after_0.5s=0 hit_within_1s=False hit_within_2s=False useful_escape=False no_hit_no_damage=True
[BossRL] safe_opp_move_trace episode=2 step=66 action=MOVE_UP player_cell=(1, 0) boss_cell=(2, 1) dist_before=2 dist_after=1 remained_in_attack_range_after_move=False left_attack_range_after_move=True toward=True away=False lateral=False danger_nearby=True next_warn=False next_dmg=False next_recent_warn=False next_recent_dmg=False safe_move_alternatives=3 attack_allowed=True boss_hp_before=60
[BossRL] safe_opp_move_trace_result episode=2 step=58 boss_hp_before=60 boss_hp_after_0.5s=60 boss_damage_after_0.5s=0 hit_within_1s=False hit_within_2s=False useful_escape=False no_hit_no_damage=True
[BossRL] safe_opp_move_trace_result episode=2 step=66 boss_hp_before=60 boss_hp_after_0.5s=60 boss_damage_after_0.5s=0 hit_within_1s=False hit_within_2s=False useful_escape=True no_hit_no_damage=True
[BossRL] target_alignment_hit episode=2 step=693 hit_class=dash_current_overlap time=120.200 player_cell=(0,1) player_facing=(1,0) attack_cells=[1,0;1,1;1,2;2,0;2,1;2,2] boss_cell=(1,2) bosscell_in_attack=True sprite_visible=True visual_root_active_self=True visual_root_active_hierarchy=True sprite_renderer_enabled=True sprite_alpha=1.000 sprite_object=BossSprite boss_visual_pos=(1.29, 2.90, 0.00) visual_cell=(1,3) visual_cell_in_attack=False sprite_bounds_cell=(1,3) sprite_bounds_cell_in_attack=False boss_health_pos=(1.29, 2.00, 0.00) boss_root_pos=(1.29, 2.00, 0.00) renderer_bounds_center=(1.29, 2.90, 0.00) root_cell=(1,2) root_cell_in_attack=True grid_occupant_cell=(0,1) hidden=False dashing=True markdash=False dash_start=(-3,2) dash_end=(3,2) dash_current=(1,2) dash_current_in_attack=True dash_line_overlap_attack=True active_damage_overlap_attack=True active_warning_overlap_attack=False attack_cells_overlap_any_active_lane=True boss_hp_before=60 boss_hp_after=59 damage=1
[BossRL] target_alignment_hit episode=2 step=1058 hit_class=normal_visible time=127.500 player_cell=(3,3) player_facing=(0,-1) attack_cells=[2,2;3,2;4,2;2,1;3,1;4,1] boss_cell=(3,1) bosscell_in_attack=True sprite_visible=True visual_root_active_self=True visual_root_active_hierarchy=True sprite_renderer_enabled=True sprite_alpha=1.000 sprite_object=BossSprite boss_visual_pos=(3.00, 2.30, 0.00) visual_cell=(3,2) visual_cell_in_attack=True sprite_bounds_cell=(3,2) sprite_bounds_cell_in_attack=True boss_health_pos=(3.00, 1.00, 0.00) boss_root_pos=(3.00, 1.00, 0.00) renderer_bounds_center=(3.00, 2.30, 0.00) root_cell=(3,1) root_cell_in_attack=True grid_occupant_cell=(0,1) hidden=False dashing=False markdash=False dash_start=(3,-2) dash_end=(-3,-2) dash_current=(-3,-2) dash_current_in_attack=False dash_line_overlap_attack=False active_damage_overlap_attack=True active_warning_overlap_attack=True attack_cells_overlap_any_active_lane=True boss_hp_before=59 boss_hp_after=58 damage=1
[BossRL] target_alignment_hit episode=2 step=1463 hit_class=root_visible_overlap time=135.600 player_cell=(3,-1) player_facing=(0,-1) attack_cells=[2,-2;3,-2;4,-2;2,-3;3,-3;4,-3] boss_cell=(3,-2) bosscell_in_attack=True sprite_visible=True visual_root_active_self=True visual_root_active_hierarchy=True sprite_renderer_enabled=True sprite_alpha=1.000 sprite_object=BossSprite boss_visual_pos=(3.00, -0.70, 0.00) visual_cell=(3,-1) visual_cell_in_attack=False sprite_bounds_cell=(3,-1) sprite_bounds_cell_in_attack=False boss_health_pos=(3.00, -2.00, 0.00) boss_root_pos=(3.00, -2.00, 0.00) renderer_bounds_center=(3.00, -0.70, 0.00) root_cell=(3,-2) root_cell_in_attack=True grid_occupant_cell=(0,1) hidden=False dashing=False markdash=False dash_start=(3,-2) dash_end=(-3,-2) dash_current=(-3,-2) dash_current_in_attack=False dash_line_overlap_attack=False active_damage_overlap_attack=False active_warning_overlap_attack=False attack_cells_overlap_any_active_lane=False boss_hp_before=58 boss_hp_after=57 damage=1
[BossRL] target_alignment_hit episode=2 step=1993 hit_class=root_visible_overlap time=146.200 player_cell=(-2,3) player_facing=(0,-1) attack_cells=[-3,2;-2,2;-1,2;-3,1;-2,1;-1,1] boss_cell=(-1,2) bosscell_in_attack=True sprite_visible=True visual_root_active_self=True visual_root_active_hierarchy=True sprite_renderer_enabled=True sprite_alpha=1.000 sprite_object=BossSprite boss_visual_pos=(-0.67, 2.90, 0.00) visual_cell=(-1,3) visual_cell_in_attack=False sprite_bounds_cell=(-1,3) sprite_bounds_cell_in_attack=False boss_health_pos=(-0.67, 2.00, 0.00) boss_root_pos=(-0.67, 2.00, 0.00) renderer_bounds_center=(-0.67, 2.90, 0.00) root_cell=(-1,2) root_cell_in_attack=True grid_occupant_cell=(0,1) hidden=False dashing=False markdash=False dash_start=(2,3) dash_end=(2,-3) dash_current=(2,-3) dash_current_in_attack=False dash_line_overlap_attack=False active_damage_overlap_attack=False active_warning_overlap_attack=False attack_cells_overlap_any_active_lane=False boss_hp_before=57 boss_hp_after=56 damage=1
[BossRL] target_alignment_hit episode=2 step=2288 hit_class=normal_visible time=152.100 player_cell=(1,-2) player_facing=(0,1) attack_cells=[2,-1;1,-1;0,-1;2,0;1,0;0,0] boss_cell=(2,-1) bosscell_in_attack=True sprite_visible=True visual_root_active_self=True visual_root_active_hierarchy=True sprite_renderer_enabled=True sprite_alpha=1.000 sprite_object=BossSprite boss_visual_pos=(2.33, -0.10, 0.00) visual_cell=(2,0) visual_cell_in_attack=True sprite_bounds_cell=(2,0) sprite_bounds_cell_in_attack=True boss_health_pos=(2.33, -1.00, 0.00) boss_root_pos=(2.33, -1.00, 0.00) renderer_bounds_center=(2.33, -0.10, 0.00) root_cell=(2,-1) root_cell_in_attack=True grid_occupant_cell=(0,1) hidden=False dashing=False markdash=False dash_start=(2,3) dash_end=(2,-3) dash_current=(2,-3) dash_current_in_attack=False dash_line_overlap_attack=False active_damage_overlap_attack=False active_warning_overlap_attack=False attack_cells_overlap_any_active_lane=False boss_hp_before=56 boss_hp_after=55 damage=1
[BossRL] target_alignment_hit episode=2 step=2528 hit_class=normal_visible time=156.900 player_cell=(-2,0) player_facing=(-1,0) attack_cells=[-3,1;-3,0;-3,-1;-4,1;-4,0;-4,-1] boss_cell=(-3,-1) bosscell_in_attack=True sprite_visible=True visual_root_active_self=True visual_root_active_hierarchy=True sprite_renderer_enabled=True sprite_alpha=1.000 sprite_object=BossSprite boss_visual_pos=(-3.00, 0.30, 0.00) visual_cell=(-3,0) visual_cell_in_attack=True sprite_bounds_cell=(-3,0) sprite_bounds_cell_in_attack=True boss_health_pos=(-3.00, -1.00, 0.00) boss_root_pos=(-3.00, -1.00, 0.00) renderer_bounds_center=(-3.00, 0.30, 0.00) root_cell=(-3,-1) root_cell_in_attack=True grid_occupant_cell=(0,1) hidden=False dashing=False markdash=False dash_start=(2,3) dash_end=(2,-3) dash_current=(2,-3) dash_current_in_attack=False dash_line_overlap_attack=False active_damage_overlap_attack=False active_warning_overlap_attack=False attack_cells_overlap_any_active_lane=False boss_hp_before=55 boss_hp_after=54 damage=1
[BossRL] target_alignment_hit episode=2 step=3078 hit_class=root_visible_overlap time=167.900 player_cell=(2,2) player_facing=(0,-1) attack_cells=[1,1;2,1;3,1;1,0;2,0;3,0] boss_cell=(2,1) bosscell_in_attack=True sprite_visible=True visual_root_active_self=True visual_root_active_hierarchy=True sprite_renderer_enabled=True sprite_alpha=1.000 sprite_object=BossSprite boss_visual_pos=(2.00, 2.58, 0.00) visual_cell=(2,3) visual_cell_in_attack=False sprite_bounds_cell=(2,3) sprite_bounds_cell_in_attack=False boss_health_pos=(2.00, 1.28, 0.00) boss_root_pos=(2.00, 1.28, 0.00) renderer_bounds_center=(2.00, 2.58, 0.00) root_cell=(2,1) root_cell_in_attack=True grid_occupant_cell=(0,1) hidden=False dashing=False markdash=False dash_start=(0,-3) dash_end=(0,3) dash_current=(0,3) dash_current_in_attack=False dash_line_overlap_attack=False active_damage_overlap_attack=False active_warning_overlap_attack=False attack_cells_overlap_any_active_lane=False boss_hp_before=54 boss_hp_after=53 damage=1
[BossRL] terminal_reward reason=player_dead value=-8.000
[BossRL] EPISODE_END reason=player_dead steps=3113 survival=62.3s survived10s=True survived20s=True
  reward: total=-23.920 boss=0.700 hit=-4.000 death=-8.000 warn_tile=-8.500 dmg_tile=-0.600 wall=0.000 approach=0.000 missed_atk=0.000 cooldown_atk=0.000 moved_into_danger=-3.400 safe_atk=0.560 missed_safe_opp=-0.057
  boss: hp_start=60 hp_left=53 dmg_dealt=7 dmg_before_first_hit=0
  move_mask: wall(geometry)=376 warn=183(should=0) dmg=33 recent_warn=111(should=0) recent_dmg=0(should=0) due_to_busy=0(must=0) allowed=1789 dangerous_attempts=327
  move_escape: wait_only_states=0 geo=0 dmg=0 busy=0(must=0) boss_cell=0(must=0) escape_forced_open=0 boss_cell_blocked=0(must=0) boss_cell_allowed=89 busy_at_mask=270 wait_actions=151
  attack_mask: total_masked=585 allowed(safe_in_range)=38 survival_stage=0 not_ready=90 out_of_range=482 on_warn=6 on_dmg=1 on_recent_warn=1 on_recent_dmg=0
  attack_quality: actions=18 hits=7 missed=0 cooldown=0 hit_rate=38.9 % dmg_per_atk=0.389
  target_alignment: logs=7 boss_sprite_visible_hit_count=7 boss_sprite_invisible_hit_count=0 boss_sprite_off_but_bosscell_hit_count=0 boss_visual_root_inactive_hit_count=0 boss_renderer_disabled_hit_count=0 boss_alpha_zero_hit_count=0 bosscell_in_attack_range_but_sprite_not_visible_count=0 bosscell_in_attack_range_but_sprite_cell_out_of_range_count=4 sprite_visible_cell_in_attack_range_count=3 sprite_visible_cell_out_of_attack_range_count=4 hidden_boss_attack_reward_count=0
  dash_target_alignment: hit_class_normal_visible_count=3 hit_class_root_visible_overlap_count=3 hit_class_dash_current_overlap_count=1 hit_class_stale_bosscell_count=0 hit_class_hidden_target_count=0 hit_class_off_lane_empty_count=0 hit_class_unknown_remaining_count=0 root_cell_in_attack_range_count=7 sprite_bounds_cell_in_attack_range_count=3 boss_cell_in_attack_range_count=7 root_in_range_sprite_bounds_out_count=4 root_in_range_sprite_invisible_count=0 sprite_bounds_out_but_root_visible_overlap_count=3 dash_current_root_overlap_count=1 dash_current_visual_overlap_count=1 dash_allowed_candidate_count=1 dash_stale_bosscell_only_count=0 dash_off_lane_empty_count=0 dash_hit_allowed_candidate_count=1 dash_hit_current_visual_overlap_count=1 dash_hit_bosscell_only_count=0 dash_hit_previous_position_suspect_count=0 dash_hit_future_endcell_suspect_count=0 dash_hit_outside_active_lane_count=5 dash_hit_inside_active_damage_lane_count=2 dash_hit_inside_active_warning_lane_count=1
  rl_target_gate: rl_attack_allowed_normal_visible_count=21 rl_attack_allowed_root_visible_overlap_count=15 rl_attack_allowed_dash_current_overlap_count=2 rl_attack_blocked_hidden_target_count=5 rl_attack_blocked_stale_bosscell_count=0 rl_attack_blocked_off_lane_empty_count=0 external_attack_blocked_target_hidden_count=0 hidden_target_successful_hit_after_gate_count=0 root_visible_overlap_successful_hit_after_gate_count=3 dash_current_overlap_successful_hit_after_gate_count=1
  markatk_observation: markatk_real_spawn_count=0 markatk_fake_spawn_count=0 markatk_real_observed_count=0 markatk_fake_observed_count=0 markatk_real_visible_cell_count=0 markatk_fake_visible_cell_count=0 markatk_registry_active_count=0 markatk_registry_stale_count=0 markatk_visible_during_markdash_count=0 markatk_fake_used_by_danger_mask_count=0 markatk_fake_used_by_attack_mask_count=0 fake_marker_in_danger_mask_count=0
  sweep_history_observation: phase2_sweep_history_active_steps=561 previous_warning_2_nonzero_steps=255 previous_damage_1_nonzero_steps=52 recent_sweep_history_nonzero_steps=561 sweep_visible_history_stack_nonzero_steps=561 sweep_history_channel_nonzero_count=9283 sweep_history_channels_added_count=3 next_band_direct_observation_count=0 sweep_sequence_index_observation_count=0
  diagonal_blindspot_wiggle_diag: diagonal_blindspot_bosscell_steps=71 diagonal_blindspot_root_steps=71 diagonal_blindspot_visual_steps=50 diagonal_blindspot_attack_count=9 diagonal_blindspot_attack_hit_count=0 diagonal_blindspot_move_count=55 diagonal_blindspot_back_and_forth_count=6 diagonal_blindspot_axis_exit_count=25 diagonal_blindspot_kept_safe_count=105 diagonal_blindspot_then_player_hit_count=0 diagonal_blindspot_boss_melee_whiff_candidate_count=27 attack_after_diagonal_wiggle_count=0 axis_position_step_count=210 axis_position_player_hit_count=1 axis_position_boss_melee_hit_count=1 diagonal_blindspot_player_hit_count=0 diagonal_blindspot_boss_melee_hit_count=0 axis_vs_diagonal_hit_rate_delta=0.005 player_in_boss_front_axis=53 player_in_boss_back_axis=78 player_in_boss_left_axis=20 player_in_boss_right_axis=32 player_in_boss_diagonal_blindspot=120
  action_histogram: wait=147 move_up=120 move_down=123 move_left=121 move_right=108 attack=18
  action_space: move_branch=472 attack_branch_intent=18 attack_applied=18 simultaneous_move_attack=14 simultaneous_move_attack_allowed=14 simultaneous_move_attack_blocked=0 simultaneous_move_attack_successful_hit=3 attack_while_moving=6 diagonal_blindspot_move_attack=7 dash_current_overlap_move_attack=1 safe_opp_attack_ratio=41.9 %
  attack_range: in_range_steps=68 atk_in_range=18 atk_out_range=0 avg_dist=2.11 first_atk_dist=2.00
  distance_position: avg_distance_to_boss=3.37 min_distance_to_boss=0 max_distance_to_boss=11 time_in_attack_range_steps=68 time_out_of_attack_range_steps=555 entered_attack_range_count=46 left_attack_range_count=46
  hazard: warn_steps=85 dmg_steps=3 atk_on_warn=0 atk_on_dmg=0 atk_on_recent_warn=0 atk_on_recent_dmg=0
  recent_danger: on_recent_warn_steps=97 on_recent_dmg_steps=7 recent_warn_cells_now=6 recent_dmg_cells_now=0
  warn_reentry: reentry=2 dmg_soon=2 hit_soon=2 hit_after_avoid=2
  opportunity: safe_opp_steps=43 safe_taken=18 safe_hit=0 safe_missed=18 in_range_no_attack=33 atk_out_of_range=0 atk_danger_nearby=5
  safe_opp_action: total=43 attack=18 wait=5 move=34 missed=25 attack_ratio=41.9 % wait_ratio=11.6 % move_ratio=79.1 % move_toward_boss=10 move_away_from_boss=10 move_lateral=14
  safe_opp_move_trace_summary: samples=5 total_moves=34 useful_escape=1 kept_attack_range=11 left_attack_range=23 away_without_danger=9 hit_within_2s=0 no_hit_no_damage=5 attack_would_have_been_allowed=34
  warning_on_player: spawn_count=24 safe_move_available=5 escape_success=21 escape_fail=2 hit=2 chosen_wait=3 chosen_attack=0 chosen_move=21 spawn_to_damage_frames_avg=42.0 decision_before_damage=2 no_decision_before_damage=0
  boss_facing_diag: facing_changed_warning_to_damage=1 hit_when_facing_changed=1 hit_by_original_warning_direction=1 hit_by_rotated_damage_direction=1 pattern_hit_unknown=2
  attack_allowed_action: allowed_steps=43 chosen_attack_when_allowed=18 missed_allowed_attack=25
  delayed_hit: safe_same_step=0 safe_0.3s=7 safe_0.5s=7 out_of_range_0.5s=0 unsafe_0.5s=0
  move_danger_mask: warn_when_safe=183 recent_warn_when_safe=111 dmg_when_safe=33 least_danger_opened=58 wait_masked=39 safe_avail_steps=565 chose_safe=238 chose_danger=32
  danger: nearby_steps=294 wait_while_danger=64 safe_move=101 danger_move=32 attack=5 move_into_warn=28 move_into_dmg=1 move_into_recent_warn=32 move_into_recent_dmg=3
  hit_analysis: hit_on_warn=0 hit_on_dmg=2 hit_on_recent_warn=2 hit_safe_move_avail=0 avoidable=0 hit_after_move_danger=1 warn_to_hit_avg_steps=7.0
  player: hits=2 first_hit_step=448 first_hit_time=8.9s death_time=62.3s
  move: actions=472 success=270 wall_blocked=0 wall_ratio=0 % (U=0 D=0 L=0 R=0) wait_actions=151
[BossRLReset] queue_reload reload_count=2 time=40.292
[BossRLReset] before_load_scene reload_count=2 time=40.306 elapsed_since_queue=0.014s
Unloading 2 Unused Serialized files (Serialized files now loaded: 0)
UnloadTime: 0.510400 ms
[BossRLReset] after_scene_loaded reload_count=3 time=40.315
Unloading 5 unused Assets to reduce memory usage. Loaded Objects now: 4325.
Total: 2.388700 ms (FindLiveObjects: 0.262000 ms CreateObjectMapping: 0.099100 ms MarkObjects: 2.011700 ms  DeleteObjects: 0.015600 ms)

[BossRL] safe_opp_move_trace episode=2 step=13 action=MOVE_RIGHT player_cell=(-1, 2) boss_cell=(0, 1) dist_before=2 dist_after=2 remained_in_attack_range_after_move=False left_attack_range_after_move=True toward=False away=False lateral=True danger_nearby=True next_warn=False next_dmg=False next_recent_warn=False next_recent_dmg=False safe_move_alternatives=3 attack_allowed=True boss_hp_before=60
[BossRL] target_alignment_hit episode=2 step=61 hit_class=normal_visible time=169.900 player_cell=(-1,2) player_facing=(1,0) attack_cells=[0,1;0,2;0,3;1,1;1,2;1,3] boss_cell=(0,1) bosscell_in_attack=True sprite_visible=True visual_root_active_self=True visual_root_active_hierarchy=True sprite_renderer_enabled=True sprite_alpha=1.000 sprite_object=BossSprite boss_visual_pos=(-0.06, 1.90, 0.00) visual_cell=(0,2) visual_cell_in_attack=True sprite_bounds_cell=(0,2) sprite_bounds_cell_in_attack=True boss_health_pos=(-0.06, 1.00, 0.00) boss_root_pos=(-0.06, 1.00, 0.00) renderer_bounds_center=(-0.06, 1.90, 0.00) root_cell=(0,1) root_cell_in_attack=True grid_occupant_cell=(0,1) hidden=False dashing=False markdash=False dash_start=(0,0) dash_end=(0,0) dash_current=(0,0) dash_current_in_attack=False dash_line_overlap_attack=False active_damage_overlap_attack=False active_warning_overlap_attack=False attack_cells_overlap_any_active_lane=False boss_hp_before=60 boss_hp_after=59 damage=1
[BossRL] safe_opp_move_trace_result episode=2 step=13 boss_hp_before=60 boss_hp_after_0.5s=59 boss_damage_after_0.5s=1 hit_within_1s=False hit_within_2s=False useful_escape=True no_hit_no_damage=False
[BossRL] safe_opp_move_trace episode=2 step=48 action=MOVE_UP player_cell=(0, -3) boss_cell=(0, -1) dist_before=2 dist_after=1 remained_in_attack_range_after_move=True left_attack_range_after_move=False toward=True away=False lateral=False danger_nearby=False next_warn=False next_dmg=False next_recent_warn=False next_recent_dmg=False safe_move_alternatives=3 attack_allowed=True boss_hp_before=59
[BossRL] safe_opp_move_trace episode=2 step=49 action=MOVE_RIGHT player_cell=(0, -2) boss_cell=(0, -1) dist_before=1 dist_after=1 remained_in_attack_range_after_move=False left_attack_range_after_move=True toward=False away=False lateral=True danger_nearby=False next_warn=False next_dmg=False next_recent_warn=False next_recent_dmg=False safe_move_alternatives=4 attack_allowed=True boss_hp_before=59
[BossRL] safe_opp_move_trace episode=2 step=59 action=MOVE_UP player_cell=(2, -1) boss_cell=(0, -2) dist_before=3 dist_after=3 remained_in_attack_range_after_move=False left_attack_range_after_move=True toward=False away=False lateral=True danger_nearby=True next_warn=False next_dmg=False next_recent_warn=False next_recent_dmg=False safe_move_alternatives=3 attack_allowed=True boss_hp_before=59
[BossRL] safe_opp_move_trace_result episode=2 step=48 boss_hp_before=59 boss_hp_after_0.5s=59 boss_damage_after_0.5s=0 hit_within_1s=False hit_within_2s=False useful_escape=False no_hit_no_damage=True
[BossRL] safe_opp_move_trace_result episode=2 step=49 boss_hp_before=59 boss_hp_after_0.5s=59 boss_damage_after_0.5s=0 hit_within_1s=False hit_within_2s=False useful_escape=False no_hit_no_damage=True
[BossRL] safe_opp_move_trace episode=2 step=77 action=MOVE_UP player_cell=(3, -1) boss_cell=(1, -2) dist_before=3 dist_after=4 remained_in_attack_range_after_move=False left_attack_range_after_move=True toward=False away=True lateral=False danger_nearby=False next_warn=False next_dmg=False next_recent_warn=False next_recent_dmg=False safe_move_alternatives=3 attack_allowed=True boss_hp_before=59
[BossRL] safe_opp_move_trace_result episode=2 step=59 boss_hp_before=59 boss_hp_after_0.5s=59 boss_damage_after_0.5s=0 hit_within_1s=False hit_within_2s=False useful_escape=True no_hit_no_damage=True
[BossRL] safe_opp_move_trace_result episode=2 step=77 boss_hp_before=59 boss_hp_after_0.5s=59 boss_damage_after_0.5s=0 hit_within_1s=False hit_within_2s=False useful_escape=False no_hit_no_damage=True
[BossRL] target_alignment_hit episode=2 step=1201 hit_class=root_visible_overlap time=192.700 player_cell=(-3,0) player_facing=(0,1) attack_cells=[-2,1;-3,1;-4,1;-2,2;-3,2;-4,2] boss_cell=(-3,2) bosscell_in_attack=True sprite_visible=True visual_root_active_self=True visual_root_active_hierarchy=True sprite_renderer_enabled=True sprite_alpha=1.000 sprite_object=BossSprite boss_visual_pos=(-2.89, 2.90, 0.00) visual_cell=(-3,3) visual_cell_in_attack=False sprite_bounds_cell=(-3,3) sprite_bounds_cell_in_attack=False boss_health_pos=(-2.89, 2.00, 0.00) boss_root_pos=(-2.89, 2.00, 0.00) renderer_bounds_center=(-2.89, 2.90, 0.00) root_cell=(-3,2) root_cell_in_attack=True grid_occupant_cell=(0,1) hidden=False dashing=False markdash=False dash_start=(3,-2) dash_end=(-3,-2) dash_current=(-3,-2) dash_current_in_attack=False dash_line_overlap_attack=False active_damage_overlap_attack=False active_warning_overlap_attack=False attack_cells_overlap_any_active_lane=False boss_hp_before=59 boss_hp_after=58 damage=1
[BossRL] target_alignment_hit episode=2 step=1591 hit_class=normal_visible time=200.500 player_cell=(-2,-2) player_facing=(1,0) attack_cells=[-1,-3;-1,-2;-1,-1;0,-3;0,-2;0,-1] boss_cell=(-1,-2) bosscell_in_attack=True sprite_visible=True visual_root_active_self=True visual_root_active_hierarchy=True sprite_renderer_enabled=True sprite_alpha=1.000 sprite_object=BossSprite boss_visual_pos=(-1.39, -1.10, 0.00) visual_cell=(-1,-1) visual_cell_in_attack=True sprite_bounds_cell=(-1,-1) sprite_bounds_cell_in_attack=True boss_health_pos=(-1.39, -2.00, 0.00) boss_root_pos=(-1.39, -2.00, 0.00) renderer_bounds_center=(-1.39, -1.10, 0.00) root_cell=(-1,-2) root_cell_in_attack=True grid_occupant_cell=(0,1) hidden=False dashing=False markdash=False dash_start=(3,-2) dash_end=(-3,-2) dash_current=(-3,-2) dash_current_in_attack=False dash_line_overlap_attack=False active_damage_overlap_attack=False active_warning_overlap_attack=False attack_cells_overlap_any_active_lane=False boss_hp_before=58 boss_hp_after=57 damage=1
[BossRL] terminal_reward reason=player_dead value=-8.000
[BossRL] EPISODE_END reason=player_dead steps=2087 survival=41.7s survived10s=True survived20s=True
  reward: total=-19.999 boss=0.300 hit=-4.000 death=-8.000 warn_tile=-5.500 dmg_tile=-0.600 wall=0.000 approach=0.000 missed_atk=0.000 cooldown_atk=0.000 moved_into_danger=-2.000 safe_atk=0.240 missed_safe_opp=-0.021
  boss: hp_start=60 hp_left=57 dmg_dealt=3 dmg_before_first_hit=1
  move_mask: wall(geometry)=217 warn=109(should=0) dmg=20 recent_warn=37(should=0) recent_dmg=0(should=0) due_to_busy=0(must=0) allowed=1289 dangerous_attempts=166
  move_escape: wait_only_states=0 geo=0 dmg=0 busy=0(must=0) boss_cell=0(must=0) escape_forced_open=0 boss_cell_blocked=0(must=0) boss_cell_allowed=46 busy_at_mask=186 wait_actions=90
  attack_mask: total_masked=399 allowed(safe_in_range)=19 survival_stage=0 not_ready=50 out_of_range=338 on_warn=10 on_dmg=0 on_recent_warn=0 on_recent_dmg=0
  attack_quality: actions=10 hits=3 missed=0 cooldown=0 hit_rate=30.0 % dmg_per_atk=0.300
  target_alignment: logs=3 boss_sprite_visible_hit_count=3 boss_sprite_invisible_hit_count=0 boss_sprite_off_but_bosscell_hit_count=0 boss_visual_root_inactive_hit_count=0 boss_renderer_disabled_hit_count=0 boss_alpha_zero_hit_count=0 bosscell_in_attack_range_but_sprite_not_visible_count=0 bosscell_in_attack_range_but_sprite_cell_out_of_range_count=1 sprite_visible_cell_in_attack_range_count=2 sprite_visible_cell_out_of_attack_range_count=1 hidden_boss_attack_reward_count=0
  dash_target_alignment: hit_class_normal_visible_count=2 hit_class_root_visible_overlap_count=1 hit_class_dash_current_overlap_count=0 hit_class_stale_bosscell_count=0 hit_class_hidden_target_count=0 hit_class_off_lane_empty_count=0 hit_class_unknown_remaining_count=0 root_cell_in_attack_range_count=3 sprite_bounds_cell_in_attack_range_count=2 boss_cell_in_attack_range_count=3 root_in_range_sprite_bounds_out_count=1 root_in_range_sprite_invisible_count=0 sprite_bounds_out_but_root_visible_overlap_count=1 dash_current_root_overlap_count=0 dash_current_visual_overlap_count=0 dash_allowed_candidate_count=0 dash_stale_bosscell_only_count=0 dash_off_lane_empty_count=0 dash_hit_allowed_candidate_count=0 dash_hit_current_visual_overlap_count=0 dash_hit_bosscell_only_count=0 dash_hit_previous_position_suspect_count=0 dash_hit_future_endcell_suspect_count=0 dash_hit_outside_active_lane_count=3 dash_hit_inside_active_damage_lane_count=0 dash_hit_inside_active_warning_lane_count=0
  rl_target_gate: rl_attack_allowed_normal_visible_count=9 rl_attack_allowed_root_visible_overlap_count=10 rl_attack_allowed_dash_current_overlap_count=0 rl_attack_blocked_hidden_target_count=1 rl_attack_blocked_stale_bosscell_count=0 rl_attack_blocked_off_lane_empty_count=0 external_attack_blocked_target_hidden_count=0 hidden_target_successful_hit_after_gate_count=0 root_visible_overlap_successful_hit_after_gate_count=1 dash_current_overlap_successful_hit_after_gate_count=0
  markatk_observation: markatk_real_spawn_count=0 markatk_fake_spawn_count=0 markatk_real_observed_count=0 markatk_fake_observed_count=0 markatk_real_visible_cell_count=0 markatk_fake_visible_cell_count=0 markatk_registry_active_count=0 markatk_registry_stale_count=0 markatk_visible_during_markdash_count=0 markatk_fake_used_by_danger_mask_count=0 markatk_fake_used_by_attack_mask_count=0 fake_marker_in_danger_mask_count=0
  sweep_history_observation: phase2_sweep_history_active_steps=384 previous_warning_2_nonzero_steps=169 previous_damage_1_nonzero_steps=37 recent_sweep_history_nonzero_steps=384 sweep_visible_history_stack_nonzero_steps=384 sweep_history_channel_nonzero_count=5773 sweep_history_channels_added_count=3 next_band_direct_observation_count=0 sweep_sequence_index_observation_count=0
  diagonal_blindspot_wiggle_diag: diagonal_blindspot_bosscell_steps=42 diagonal_blindspot_root_steps=42 diagonal_blindspot_visual_steps=24 diagonal_blindspot_attack_count=5 diagonal_blindspot_attack_hit_count=0 diagonal_blindspot_move_count=33 diagonal_blindspot_back_and_forth_count=2 diagonal_blindspot_axis_exit_count=12 diagonal_blindspot_kept_safe_count=44 diagonal_blindspot_then_player_hit_count=0 diagonal_blindspot_boss_melee_whiff_candidate_count=13 attack_after_diagonal_wiggle_count=0 axis_position_step_count=142 axis_position_player_hit_count=2 axis_position_boss_melee_hit_count=2 diagonal_blindspot_player_hit_count=0 diagonal_blindspot_boss_melee_hit_count=0 axis_vs_diagonal_hit_rate_delta=0.014 player_in_boss_front_axis=42 player_in_boss_back_axis=42 player_in_boss_left_axis=11 player_in_boss_right_axis=31 player_in_boss_diagonal_blindspot=66
  action_histogram: wait=89 move_up=83 move_down=92 move_left=65 move_right=88 attack=10
  action_space: move_branch=328 attack_branch_intent=10 attack_applied=10 simultaneous_move_attack=9 simultaneous_move_attack_allowed=9 simultaneous_move_attack_blocked=0 simultaneous_move_attack_successful_hit=2 attack_while_moving=3 diagonal_blindspot_move_attack=5 dash_current_overlap_move_attack=0 safe_opp_attack_ratio=50.0 %
  attack_range: in_range_steps=38 atk_in_range=10 atk_out_range=0 avg_dist=2.20 first_atk_dist=2.00
  distance_position: avg_distance_to_boss=3.65 min_distance_to_boss=0 max_distance_to_boss=9 time_in_attack_range_steps=38 time_out_of_attack_range_steps=380 entered_attack_range_count=28 left_attack_range_count=28
  hazard: warn_steps=55 dmg_steps=3 atk_on_warn=0 atk_on_dmg=0 atk_on_recent_warn=0 atk_on_recent_dmg=0
  recent_danger: on_recent_warn_steps=63 on_recent_dmg_steps=7 recent_warn_cells_now=14 recent_dmg_cells_now=0
  warn_reentry: reentry=1 dmg_soon=1 hit_soon=1 hit_after_avoid=1
  opportunity: safe_opp_steps=20 safe_taken=10 safe_hit=0 safe_missed=10 in_range_no_attack=20 atk_out_of_range=0 atk_danger_nearby=3
  safe_opp_action: total=20 attack=10 wait=0 move=19 missed=10 attack_ratio=50.0 % wait_ratio=0.0 % move_ratio=95.0 % move_toward_boss=4 move_away_from_boss=7 move_lateral=8
  safe_opp_move_trace_summary: samples=5 total_moves=19 useful_escape=2 kept_attack_range=7 left_attack_range=12 away_without_danger=5 hit_within_2s=0 no_hit_no_damage=4 attack_would_have_been_allowed=19
  warning_on_player: spawn_count=17 safe_move_available=8 escape_success=14 escape_fail=2 hit=2 chosen_wait=3 chosen_attack=0 chosen_move=14 spawn_to_damage_frames_avg=36.0 decision_before_damage=2 no_decision_before_damage=0
  boss_facing_diag: facing_changed_warning_to_damage=0 hit_when_facing_changed=0 hit_by_original_warning_direction=2 hit_by_rotated_damage_direction=0 pattern_hit_unknown=2
  attack_allowed_action: allowed_steps=20 chosen_attack_when_allowed=10 missed_allowed_attack=10
  delayed_hit: safe_same_step=0 safe_0.3s=3 safe_0.5s=3 out_of_range_0.5s=0 unsafe_0.5s=0
  move_danger_mask: warn_when_safe=109 recent_warn_when_safe=37 dmg_when_safe=20 least_danger_opened=37 wait_masked=26 safe_avail_steps=381 chose_safe=171 chose_danger=16
  danger: nearby_steps=151 wait_while_danger=33 safe_move=53 danger_move=16 attack=3 move_into_warn=13 move_into_dmg=2 move_into_recent_warn=16 move_into_recent_dmg=3
  hit_analysis: hit_on_warn=1 hit_on_dmg=2 hit_on_recent_warn=2 hit_safe_move_avail=0 avoidable=0 hit_after_move_danger=1 warn_to_hit_avg_steps=6.0
  player: hits=2 first_hit_step=1156 first_hit_time=23.1s death_time=41.7s
  move: actions=328 success=187 wall_blocked=0 wall_ratio=0 % (U=0 D=0 L=0 R=0) wait_actions=90
[BossRLReset] queue_reload reload_count=3 time=49.508
[BossRLReset] before_load_scene reload_count=3 time=49.515 elapsed_since_queue=0.007s
Unloading 2 Unused Serialized files (Serialized files now loaded: 0)
UnloadTime: 0.617200 ms
[BossRLReset] after_scene_loaded reload_count=4 time=49.522
Unloading 15 unused Assets to reduce memory usage. Loaded Objects now: 4225.
Total: 2.852100 ms (FindLiveObjects: 0.178000 ms CreateObjectMapping: 0.116900 ms MarkObjects: 2.523600 ms  DeleteObjects: 0.033400 ms)

[BossRL] step=50 r=-0.001 onWarn=False onDmg=False act=2(atk=False) inRange=False move=WillMove wallRatio=0 % warnReentry=0
[BossRL] safe_opp_move_trace episode=2 step=11 action=MOVE_LEFT player_cell=(-1, 2) boss_cell=(0, 1) dist_before=2 dist_after=2 remained_in_attack_range_after_move=False left_attack_range_after_move=True toward=False away=False lateral=True danger_nearby=True next_warn=False next_dmg=False next_recent_warn=False next_recent_dmg=False safe_move_alternatives=3 attack_allowed=True boss_hp_before=60
[BossRL] step=100 r=-0.001 onWarn=False onDmg=False act=0(atk=False) inRange=False move=None wallRatio=0 % warnReentry=0
[BossRL] target_alignment_hit episode=2 step=120 hit_class=normal_visible time=212.900 player_cell=(3,3) player_facing=(-1,0) attack_cells=[2,4;2,3;2,2;1,4;1,3;1,2] boss_cell=(1,2) bosscell_in_attack=True sprite_visible=True visual_root_active_self=True visual_root_active_hierarchy=True sprite_renderer_enabled=True sprite_alpha=1.000 sprite_object=BossSprite boss_visual_pos=(0.94, 2.90, 0.00) visual_cell=(1,3) visual_cell_in_attack=True sprite_bounds_cell=(1,3) sprite_bounds_cell_in_attack=True boss_health_pos=(0.94, 2.00, 0.00) boss_root_pos=(0.94, 2.00, 0.00) renderer_bounds_center=(0.94, 2.90, 0.00) root_cell=(1,2) root_cell_in_attack=True grid_occupant_cell=(0,1) hidden=False dashing=False markdash=False dash_start=(0,0) dash_end=(0,0) dash_current=(0,0) dash_current_in_attack=False dash_line_overlap_attack=False active_damage_overlap_attack=False active_warning_overlap_attack=False attack_cells_overlap_any_active_lane=False boss_hp_before=60 boss_hp_after=59 damage=1
[BossRL] step=150 r=-0.101 onWarn=True onDmg=False act=2(atk=False) inRange=False move=WillMove wallRatio=0 % warnReentry=0
[BossRL] safe_opp_move_trace_result episode=2 step=11 boss_hp_before=60 boss_hp_after_0.5s=60 boss_damage_after_0.5s=0 hit_within_1s=False hit_within_2s=False useful_escape=True no_hit_no_damage=True
[BossRL] step=200 r=-0.001 onWarn=False onDmg=False act=0(atk=True) inRange=True move=None wallRatio=0 % warnReentry=0
[BossRL] target_alignment_hit episode=2 step=200 hit_class=root_visible_overlap time=214.500 player_cell=(1,1) player_facing=(1,0) attack_cells=[2,0;2,1;2,2;3,0;3,1;3,2] boss_cell=(2,2) bosscell_in_attack=True sprite_visible=True visual_root_active_self=True visual_root_active_hierarchy=True sprite_renderer_enabled=True sprite_alpha=1.000 sprite_object=BossSprite boss_visual_pos=(1.56, 2.90, 0.00) visual_cell=(2,3) visual_cell_in_attack=False sprite_bounds_cell=(2,3) sprite_bounds_cell_in_attack=False boss_health_pos=(1.56, 2.00, 0.00) boss_root_pos=(1.56, 2.00, 0.00) renderer_bounds_center=(1.56, 2.90, 0.00) root_cell=(2,2) root_cell_in_attack=True grid_occupant_cell=(0,1) hidden=False dashing=False markdash=False dash_start=(0,0) dash_end=(0,0) dash_current=(0,0) dash_current_in_attack=False dash_line_overlap_attack=False active_damage_overlap_attack=False active_warning_overlap_attack=False attack_cells_overlap_any_active_lane=False boss_hp_before=59 boss_hp_after=58 damage=1
[BossRL] step=250 r=-0.001 onWarn=False onDmg=False act=2(atk=False) inRange=False move=WillMove wallRatio=0 % warnReentry=0
[BossRL] step=300 r=-0.201 onWarn=True onDmg=False act=3(atk=False) inRange=False move=WillMove wallRatio=0 % warnReentry=0
[BossRL] step=350 r=-0.001 onWarn=False onDmg=False act=0(atk=False) inRange=False move=None wallRatio=0 % warnReentry=0
[BossRL] safe_opp_move_trace episode=2 step=73 action=MOVE_RIGHT player_cell=(0, 2) boss_cell=(2, 2) dist_before=2 dist_after=1 remained_in_attack_range_after_move=True left_attack_range_after_move=False toward=True away=False lateral=False danger_nearby=False next_warn=False next_dmg=False next_recent_warn=False next_recent_dmg=False safe_move_alternatives=4 attack_allowed=True boss_hp_before=58
[BossRL] step=400 r=-0.001 onWarn=False onDmg=False act=2(atk=False) inRange=False move=Busy wallRatio=0 % warnReentry=0
[BossRL] step=450 r=-0.001 onWarn=False onDmg=False act=0(atk=False) inRange=False move=None wallRatio=0 % warnReentry=0
[BossRL] safe_opp_move_trace_result episode=2 step=73 boss_hp_before=58 boss_hp_after_0.5s=58 boss_damage_after_0.5s=0 hit_within_1s=False hit_within_2s=False useful_escape=False no_hit_no_damage=True
[BossRL] step=500 r=-0.101 onWarn=True onDmg=False act=1(atk=False) inRange=False move=Busy wallRatio=0 % warnReentry=0
[BossRL] step=550 r=-0.001 onWarn=False onDmg=False act=2(atk=False) inRange=False move=WillMove wallRatio=0 % warnReentry=1
[BossRL] step=600 r=-0.001 onWarn=False onDmg=False act=4(atk=False) inRange=False move=WillMove wallRatio=0 % warnReentry=1
[BossRL] safe_opp_move_trace episode=2 step=127 action=MOVE_RIGHT player_cell=(-1, -2) boss_cell=(-3, -3) dist_before=3 dist_after=3 remained_in_attack_range_after_move=False left_attack_range_after_move=True toward=False away=False lateral=True danger_nearby=False next_warn=False next_dmg=False next_recent_warn=False next_recent_dmg=False safe_move_alternatives=4 attack_allowed=True boss_hp_before=58
[BossRL] step=650 r=-0.001 onWarn=False onDmg=False act=0(atk=False) inRange=False move=None wallRatio=0 % warnReentry=1
[BossRL] step=700 r=-0.201 onWarn=True onDmg=False act=4(atk=False) inRange=False move=WillMove wallRatio=0 % warnReentry=1
[BossRL] safe_opp_move_trace_result episode=2 step=127 boss_hp_before=58 boss_hp_after_0.5s=58 boss_damage_after_0.5s=0 hit_within_1s=False hit_within_2s=True useful_escape=False no_hit_no_damage=False
[BossRL] step=750 r=-0.001 onWarn=False onDmg=False act=4(atk=False) inRange=False move=WillMove wallRatio=0 % warnReentry=2
[BossRL] step=800 r=-0.001 onWarn=False onDmg=False act=3(atk=False) inRange=False move=WillMove wallRatio=0 % warnReentry=2
[BossRL] step=850 r=-0.201 onWarn=True onDmg=False act=3(atk=False) inRange=False move=WillMove wallRatio=0 % warnReentry=2
[BossRL] terminal_reward reason=player_dead value=-8.000
[BossRL] EPISODE_END reason=player_dead steps=879 survival=17.5s survived10s=True survived20s=False
  reward: total=-17.821 boss=0.200 hit=-4.000 death=-8.000 warn_tile=-4.000 dmg_tile=-0.800 wall=0.000 approach=0.000 missed_atk=0.000 cooldown_atk=0.000 moved_into_danger=-1.200 safe_atk=0.160 missed_safe_opp=-0.006
  boss: hp_start=60 hp_left=58 dmg_dealt=2 dmg_before_first_hit=2
  move_mask: wall(geometry)=105 warn=55(should=0) dmg=21 recent_warn=25(should=0) recent_dmg=0(should=0) due_to_busy=0(must=0) allowed=494 dangerous_attempts=101
  move_escape: wait_only_states=0 geo=0 dmg=0 busy=0(must=0) boss_cell=0(must=0) escape_forced_open=0 boss_cell_blocked=0(must=0) boss_cell_allowed=22 busy_at_mask=73 wait_actions=44
  attack_mask: total_masked=171 allowed(safe_in_range)=4 survival_stage=0 not_ready=15 out_of_range=152 on_warn=3 on_dmg=0 on_recent_warn=0 on_recent_dmg=0
  attack_quality: actions=3 hits=2 missed=0 cooldown=0 hit_rate=66.7 % dmg_per_atk=0.667
  target_alignment: logs=2 boss_sprite_visible_hit_count=2 boss_sprite_invisible_hit_count=0 boss_sprite_off_but_bosscell_hit_count=0 boss_visual_root_inactive_hit_count=0 boss_renderer_disabled_hit_count=0 boss_alpha_zero_hit_count=0 bosscell_in_attack_range_but_sprite_not_visible_count=0 bosscell_in_attack_range_but_sprite_cell_out_of_range_count=1 sprite_visible_cell_in_attack_range_count=1 sprite_visible_cell_out_of_attack_range_count=1 hidden_boss_attack_reward_count=0
  dash_target_alignment: hit_class_normal_visible_count=1 hit_class_root_visible_overlap_count=1 hit_class_dash_current_overlap_count=0 hit_class_stale_bosscell_count=0 hit_class_hidden_target_count=0 hit_class_off_lane_empty_count=0 hit_class_unknown_remaining_count=0 root_cell_in_attack_range_count=2 sprite_bounds_cell_in_attack_range_count=1 boss_cell_in_attack_range_count=2 root_in_range_sprite_bounds_out_count=1 root_in_range_sprite_invisible_count=0 sprite_bounds_out_but_root_visible_overlap_count=1 dash_current_root_overlap_count=0 dash_current_visual_overlap_count=0 dash_allowed_candidate_count=0 dash_stale_bosscell_only_count=0 dash_off_lane_empty_count=0 dash_hit_allowed_candidate_count=0 dash_hit_current_visual_overlap_count=0 dash_hit_bosscell_only_count=0 dash_hit_previous_position_suspect_count=0 dash_hit_future_endcell_suspect_count=0 dash_hit_outside_active_lane_count=2 dash_hit_inside_active_damage_lane_count=0 dash_hit_inside_active_warning_lane_count=0
  rl_target_gate: rl_attack_allowed_normal_visible_count=2 rl_attack_allowed_root_visible_overlap_count=2 rl_attack_allowed_dash_current_overlap_count=0 rl_attack_blocked_hidden_target_count=1 rl_attack_blocked_stale_bosscell_count=0 rl_attack_blocked_off_lane_empty_count=0 external_attack_blocked_target_hidden_count=0 hidden_target_successful_hit_after_gate_count=0 root_visible_overlap_successful_hit_after_gate_count=1 dash_current_overlap_successful_hit_after_gate_count=0
  markatk_observation: markatk_real_spawn_count=0 markatk_fake_spawn_count=0 markatk_real_observed_count=0 markatk_fake_observed_count=0 markatk_real_visible_cell_count=0 markatk_fake_visible_cell_count=0 markatk_registry_active_count=0 markatk_registry_stale_count=0 markatk_visible_during_markdash_count=0 markatk_fake_used_by_danger_mask_count=0 markatk_fake_used_by_attack_mask_count=0 fake_marker_in_danger_mask_count=0
  sweep_history_observation: phase2_sweep_history_active_steps=170 previous_warning_2_nonzero_steps=80 previous_damage_1_nonzero_steps=18 recent_sweep_history_nonzero_steps=170 sweep_visible_history_stack_nonzero_steps=170 sweep_history_channel_nonzero_count=2903 sweep_history_channels_added_count=3 next_band_direct_observation_count=0 sweep_sequence_index_observation_count=0
  diagonal_blindspot_wiggle_diag: diagonal_blindspot_bosscell_steps=18 diagonal_blindspot_root_steps=18 diagonal_blindspot_visual_steps=10 diagonal_blindspot_attack_count=2 diagonal_blindspot_attack_hit_count=0 diagonal_blindspot_move_count=11 diagonal_blindspot_back_and_forth_count=1 diagonal_blindspot_axis_exit_count=4 diagonal_blindspot_kept_safe_count=23 diagonal_blindspot_then_player_hit_count=0 diagonal_blindspot_boss_melee_whiff_candidate_count=3 attack_after_diagonal_wiggle_count=0 axis_position_step_count=81 axis_position_player_hit_count=1 axis_position_boss_melee_hit_count=1 diagonal_blindspot_player_hit_count=1 diagonal_blindspot_boss_melee_hit_count=1 axis_vs_diagonal_hit_rate_delta=-0.043 player_in_boss_front_axis=28 player_in_boss_back_axis=15 player_in_boss_left_axis=10 player_in_boss_right_axis=22 player_in_boss_diagonal_blindspot=28
  action_histogram: wait=42 move_up=31 move_down=29 move_left=38 move_right=33 attack=3
  action_space: move_branch=131 attack_branch_intent=3 attack_applied=3 simultaneous_move_attack=1 simultaneous_move_attack_allowed=1 simultaneous_move_attack_blocked=0 simultaneous_move_attack_successful_hit=0 attack_while_moving=1 diagonal_blindspot_move_attack=1 dash_current_overlap_move_attack=0 safe_opp_attack_ratio=60.0 %
  attack_range: in_range_steps=10 atk_in_range=3 atk_out_range=0 avg_dist=2.33 first_atk_dist=2.00
  distance_position: avg_distance_to_boss=3.60 min_distance_to_boss=0 max_distance_to_boss=9 time_in_attack_range_steps=10 time_out_of_attack_range_steps=165 entered_attack_range_count=7 left_attack_range_count=7
  hazard: warn_steps=40 dmg_steps=4 atk_on_warn=0 atk_on_dmg=0 atk_on_recent_warn=0 atk_on_recent_dmg=0
  recent_danger: on_recent_warn_steps=44 on_recent_dmg_steps=4 recent_warn_cells_now=14 recent_dmg_cells_now=0
  warn_reentry: reentry=2 dmg_soon=2 hit_soon=2 hit_after_avoid=2
  opportunity: safe_opp_steps=5 safe_taken=3 safe_hit=0 safe_missed=3 in_range_no_attack=5 atk_out_of_range=0 atk_danger_nearby=1
  safe_opp_action: total=5 attack=3 wait=0 move=3 missed=2 attack_ratio=60.0 % wait_ratio=0.0 % move_ratio=60.0 % move_toward_boss=1 move_away_from_boss=0 move_lateral=2
  safe_opp_move_trace_summary: samples=3 total_moves=3 useful_escape=1 kept_attack_range=1 left_attack_range=2 away_without_danger=0 hit_within_2s=1 no_hit_no_damage=2 attack_would_have_been_allowed=3
  warning_on_player: spawn_count=10 safe_move_available=3 escape_success=7 escape_fail=2 hit=2 chosen_wait=0 chosen_attack=0 chosen_move=10 spawn_to_damage_frames_avg=42.0 decision_before_damage=2 no_decision_before_damage=0
  boss_facing_diag: facing_changed_warning_to_damage=1 hit_when_facing_changed=1 hit_by_original_warning_direction=1 hit_by_rotated_damage_direction=1 pattern_hit_unknown=2
  attack_allowed_action: allowed_steps=5 chosen_attack_when_allowed=3 missed_allowed_attack=2
  delayed_hit: safe_same_step=0 safe_0.3s=2 safe_0.5s=2 out_of_range_0.5s=0 unsafe_0.5s=0
  move_danger_mask: warn_when_safe=55 recent_warn_when_safe=25 dmg_when_safe=21 least_danger_opened=28 wait_masked=16 safe_avail_steps=147 chose_safe=61 chose_danger=12
  danger: nearby_steps=95 wait_while_danger=21 safe_move=28 danger_move=12 attack=1 move_into_warn=12 move_into_dmg=0 move_into_recent_warn=12 move_into_recent_dmg=0
  hit_analysis: hit_on_warn=0 hit_on_dmg=2 hit_on_recent_warn=2 hit_safe_move_avail=2 avoidable=2 hit_after_move_danger=2 warn_to_hit_avg_steps=7.0
  player: hits=2 first_hit_step=520 first_hit_time=10.4s death_time=17.5s
  move: actions=131 success=73 wall_blocked=0 wall_ratio=0 % (U=0 D=0 L=0 R=0) wait_actions=44
[BossRLReset] queue_reload reload_count=4 time=54.324
[BossRLReset] before_load_scene reload_count=4 time=54.334 elapsed_since_queue=0.010s
Unloading 3 Unused Serialized files (Serialized files now loaded: 0)
UnloadTime: 0.545200 ms
[BossRLReset] after_scene_loaded reload_count=5 time=54.345
Unloading 17 unused Assets to reduce memory usage. Loaded Objects now: 4225.
Total: 2.482600 ms (FindLiveObjects: 0.184800 ms CreateObjectMapping: 0.085500 ms MarkObjects: 2.185500 ms  DeleteObjects: 0.026600 ms)

[BossRL] safe_opp_move_trace episode=2 step=8 action=MOVE_LEFT player_cell=(-1, 3) boss_cell=(0, 1) dist_before=3 dist_after=4 remained_in_attack_range_after_move=False left_attack_range_after_move=True toward=False away=True lateral=False danger_nearby=False next_warn=False next_dmg=False next_recent_warn=False next_recent_dmg=False safe_move_alternatives=3 attack_allowed=True boss_hp_before=60
[BossRL] safe_opp_move_trace episode=2 step=15 action=MOVE_LEFT player_cell=(-2, 2) boss_cell=(-1, 1) dist_before=2 dist_after=2 remained_in_attack_range_after_move=False left_attack_range_after_move=True toward=False away=False lateral=True danger_nearby=False next_warn=False next_dmg=False next_recent_warn=False next_recent_dmg=False safe_move_alternatives=4 attack_allowed=True boss_hp_before=60
[BossRL] safe_opp_move_trace episode=2 step=22 action=MOVE_UP player_cell=(-1, 0) boss_cell=(-2, 1) dist_before=2 dist_after=1 remained_in_attack_range_after_move=False left_attack_range_after_move=True toward=True away=False lateral=False danger_nearby=True next_warn=False next_dmg=False next_recent_warn=False next_recent_dmg=False safe_move_alternatives=3 attack_allowed=True boss_hp_before=60
[BossRL] safe_opp_move_trace_result episode=2 step=8 boss_hp_before=60 boss_hp_after_0.5s=60 boss_damage_after_0.5s=0 hit_within_1s=False hit_within_2s=False useful_escape=False no_hit_no_damage=True
[BossRL] safe_opp_move_trace episode=2 step=34 action=MOVE_UP player_cell=(-2, 0) boss_cell=(-1, 1) dist_before=2 dist_after=1 remained_in_attack_range_after_move=False left_attack_range_after_move=True toward=True away=False lateral=False danger_nearby=False next_warn=False next_dmg=False next_recent_warn=False next_recent_dmg=False safe_move_alternatives=4 attack_allowed=True boss_hp_before=60
[BossRL] safe_opp_move_trace_result episode=2 step=15 boss_hp_before=60 boss_hp_after_0.5s=60 boss_damage_after_0.5s=0 hit_within_1s=False hit_within_2s=False useful_escape=False no_hit_no_damage=True
[BossRL] safe_opp_move_trace_result episode=2 step=22 boss_hp_before=60 boss_hp_after_0.5s=60 boss_damage_after_0.5s=0 hit_within_1s=False hit_within_2s=False useful_escape=True no_hit_no_damage=True
[BossRL] safe_opp_move_trace episode=2 step=46 action=MOVE_UP player_cell=(0, 0) boss_cell=(-2, 1) dist_before=3 dist_after=3 remained_in_attack_range_after_move=False left_attack_range_after_move=True toward=False away=False lateral=True danger_nearby=False next_warn=False next_dmg=False next_recent_warn=False next_recent_dmg=False safe_move_alternatives=4 attack_allowed=True boss_hp_before=60
[BossRL] safe_opp_move_trace_result episode=2 step=34 boss_hp_before=60 boss_hp_after_0.5s=60 boss_damage_after_0.5s=0 hit_within_1s=False hit_within_2s=False useful_escape=False no_hit_no_damage=True
[BossRL] safe_opp_move_trace_result episode=2 step=46 boss_hp_before=60 boss_hp_after_0.5s=60 boss_damage_after_0.5s=0 hit_within_1s=False hit_within_2s=False useful_escape=False no_hit_no_damage=True
[BossRL] target_alignment_hit episode=2 step=1494 hit_class=normal_visible time=258.100 player_cell=(1,1) player_facing=(0,1) attack_cells=[2,2;1,2;0,2;2,3;1,3;0,3] boss_cell=(0,2) bosscell_in_attack=True sprite_visible=True visual_root_active_self=True visual_root_active_hierarchy=True sprite_renderer_enabled=True sprite_alpha=1.000 sprite_object=BossSprite boss_visual_pos=(0.00, 3.30, 0.00) visual_cell=(0,3) visual_cell_in_attack=True sprite_bounds_cell=(0,3) sprite_bounds_cell_in_attack=True boss_health_pos=(0.00, 2.00, 0.00) boss_root_pos=(0.00, 2.00, 0.00) renderer_bounds_center=(0.00, 3.30, 0.00) root_cell=(0,2) root_cell_in_attack=True grid_occupant_cell=(0,1) hidden=False dashing=False markdash=False dash_start=(3,-2) dash_end=(-3,-2) dash_current=(-3,-2) dash_current_in_attack=False dash_line_overlap_attack=False active_damage_overlap_attack=False active_warning_overlap_attack=False attack_cells_overlap_any_active_lane=False boss_hp_before=60 boss_hp_after=59 damage=1
[BossRL] target_alignment_hit episode=2 step=1549 hit_class=normal_visible time=259.200 player_cell=(1,2) player_facing=(1,0) attack_cells=[2,1;2,2;2,3;3,1;3,2;3,3] boss_cell=(2,2) bosscell_in_attack=True sprite_visible=True visual_root_active_self=True visual_root_active_hierarchy=True sprite_renderer_enabled=True sprite_alpha=1.000 sprite_object=BossSprite boss_visual_pos=(2.00, 3.30, 0.00) visual_cell=(2,3) visual_cell_in_attack=True sprite_bounds_cell=(2,3) sprite_bounds_cell_in_attack=True boss_health_pos=(2.00, 2.00, 0.00) boss_root_pos=(2.00, 2.00, 0.00) renderer_bounds_center=(2.00, 3.30, 0.00) root_cell=(2,2) root_cell_in_attack=True grid_occupant_cell=(0,1) hidden=False dashing=False markdash=False dash_start=(3,-2) dash_end=(-3,-2) dash_current=(-3,-2) dash_current_in_attack=False dash_line_overlap_attack=False active_damage_overlap_attack=False active_warning_overlap_attack=True attack_cells_overlap_any_active_lane=True boss_hp_before=59 boss_hp_after=58 damage=1
[BossRL] target_alignment_hit episode=2 step=2174 hit_class=normal_visible time=271.700 player_cell=(-2,3) player_facing=(1,0) attack_cells=[-1,2;-1,3;-1,4;0,2;0,3;0,4] boss_cell=(0,2) bosscell_in_attack=True sprite_visible=True visual_root_active_self=True visual_root_active_hierarchy=True sprite_renderer_enabled=True sprite_alpha=1.000 sprite_object=BossSprite boss_visual_pos=(0.00, 3.30, 0.00) visual_cell=(0,3) visual_cell_in_attack=True sprite_bounds_cell=(0,3) sprite_bounds_cell_in_attack=True boss_health_pos=(0.00, 2.00, 0.00) boss_root_pos=(0.00, 2.00, 0.00) renderer_bounds_center=(0.00, 3.30, 0.00) root_cell=(0,2) root_cell_in_attack=True grid_occupant_cell=(0,1) hidden=False dashing=False markdash=False dash_start=(-2,-3) dash_end=(-2,3) dash_current=(-2,3) dash_current_in_attack=False dash_line_overlap_attack=False active_damage_overlap_attack=False active_warning_overlap_attack=False attack_cells_overlap_any_active_lane=False boss_hp_before=58 boss_hp_after=57 damage=1
[BossRL] terminal_reward reason=player_dead value=-8.000
[BossRL] EPISODE_END reason=player_dead steps=3079 survival=61.5s survived10s=True survived20s=True
  reward: total=-21.515 boss=0.300 hit=-4.000 death=-8.000 warn_tile=-6.600 dmg_tile=-0.600 wall=0.000 approach=0.000 missed_atk=0.000 cooldown_atk=0.000 moved_into_danger=-2.200 safe_atk=0.240 missed_safe_opp=-0.039
  boss: hp_start=60 hp_left=57 dmg_dealt=3 dmg_before_first_hit=0
  move_mask: wall(geometry)=230 warn=212(should=0) dmg=33 recent_warn=80(should=0) recent_dmg=0(should=0) due_to_busy=0(must=0) allowed=1909 dangerous_attempts=325
  move_escape: wait_only_states=0 geo=0 dmg=0 busy=0(must=0) boss_cell=0(must=0) escape_forced_open=0 boss_cell_blocked=0(must=0) boss_cell_allowed=85 busy_at_mask=265 wait_actions=145
  attack_mask: total_masked=582 allowed(safe_in_range)=34 survival_stage=0 not_ready=85 out_of_range=485 on_warn=6 on_dmg=0 on_recent_warn=0 on_recent_dmg=0
  attack_quality: actions=17 hits=3 missed=0 cooldown=0 hit_rate=17.6 % dmg_per_atk=0.176
  target_alignment: logs=3 boss_sprite_visible_hit_count=3 boss_sprite_invisible_hit_count=0 boss_sprite_off_but_bosscell_hit_count=0 boss_visual_root_inactive_hit_count=0 boss_renderer_disabled_hit_count=0 boss_alpha_zero_hit_count=0 bosscell_in_attack_range_but_sprite_not_visible_count=0 bosscell_in_attack_range_but_sprite_cell_out_of_range_count=0 sprite_visible_cell_in_attack_range_count=3 sprite_visible_cell_out_of_attack_range_count=0 hidden_boss_attack_reward_count=0
  dash_target_alignment: hit_class_normal_visible_count=3 hit_class_root_visible_overlap_count=0 hit_class_dash_current_overlap_count=0 hit_class_stale_bosscell_count=0 hit_class_hidden_target_count=0 hit_class_off_lane_empty_count=0 hit_class_unknown_remaining_count=0 root_cell_in_attack_range_count=3 sprite_bounds_cell_in_attack_range_count=3 boss_cell_in_attack_range_count=3 root_in_range_sprite_bounds_out_count=0 root_in_range_sprite_invisible_count=0 sprite_bounds_out_but_root_visible_overlap_count=0 dash_current_root_overlap_count=0 dash_current_visual_overlap_count=0 dash_allowed_candidate_count=0 dash_stale_bosscell_only_count=0 dash_off_lane_empty_count=0 dash_hit_allowed_candidate_count=0 dash_hit_current_visual_overlap_count=0 dash_hit_bosscell_only_count=0 dash_hit_previous_position_suspect_count=0 dash_hit_future_endcell_suspect_count=0 dash_hit_outside_active_lane_count=2 dash_hit_inside_active_damage_lane_count=0 dash_hit_inside_active_warning_lane_count=1
  rl_target_gate: rl_attack_allowed_normal_visible_count=22 rl_attack_allowed_root_visible_overlap_count=10 rl_attack_allowed_dash_current_overlap_count=2 rl_attack_blocked_hidden_target_count=6 rl_attack_blocked_stale_bosscell_count=0 rl_attack_blocked_off_lane_empty_count=0 external_attack_blocked_target_hidden_count=0 hidden_target_successful_hit_after_gate_count=0 root_visible_overlap_successful_hit_after_gate_count=0 dash_current_overlap_successful_hit_after_gate_count=0
  markatk_observation: markatk_real_spawn_count=0 markatk_fake_spawn_count=0 markatk_real_observed_count=0 markatk_fake_observed_count=0 markatk_real_visible_cell_count=0 markatk_fake_visible_cell_count=0 markatk_registry_active_count=0 markatk_registry_stale_count=0 markatk_visible_during_markdash_count=0 markatk_fake_used_by_danger_mask_count=0 markatk_fake_used_by_attack_mask_count=0 fake_marker_in_danger_mask_count=0
  sweep_history_observation: phase2_sweep_history_active_steps=591 previous_warning_2_nonzero_steps=267 previous_damage_1_nonzero_steps=56 recent_sweep_history_nonzero_steps=591 sweep_visible_history_stack_nonzero_steps=591 sweep_history_channel_nonzero_count=9678 sweep_history_channels_added_count=3 next_band_direct_observation_count=0 sweep_sequence_index_observation_count=0
  diagonal_blindspot_wiggle_diag: diagonal_blindspot_bosscell_steps=77 diagonal_blindspot_root_steps=77 diagonal_blindspot_visual_steps=62 diagonal_blindspot_attack_count=12 diagonal_blindspot_attack_hit_count=0 diagonal_blindspot_move_count=57 diagonal_blindspot_back_and_forth_count=4 diagonal_blindspot_axis_exit_count=24 diagonal_blindspot_kept_safe_count=129 diagonal_blindspot_then_player_hit_count=0 diagonal_blindspot_boss_melee_whiff_candidate_count=25 attack_after_diagonal_wiggle_count=0 axis_position_step_count=237 axis_position_player_hit_count=2 axis_position_boss_melee_hit_count=2 diagonal_blindspot_player_hit_count=1 diagonal_blindspot_boss_melee_hit_count=1 axis_vs_diagonal_hit_rate_delta=-0.005 player_in_boss_front_axis=54 player_in_boss_back_axis=90 player_in_boss_left_axis=32 player_in_boss_right_axis=35 player_in_boss_diagonal_blindspot=139
  action_histogram: wait=144 move_up=108 move_down=124 move_left=115 move_right=124 attack=17
  action_space: move_branch=471 attack_branch_intent=17 attack_applied=17 simultaneous_move_attack=16 simultaneous_move_attack_allowed=16 simultaneous_move_attack_blocked=0 simultaneous_move_attack_successful_hit=2 attack_while_moving=6 diagonal_blindspot_move_attack=11 dash_current_overlap_move_attack=0 safe_opp_attack_ratio=42.5 %
  attack_range: in_range_steps=57 atk_in_range=17 atk_out_range=0 avg_dist=2.12 first_atk_dist=3.00
  distance_position: avg_distance_to_boss=3.44 min_distance_to_boss=0 max_distance_to_boss=10 time_in_attack_range_steps=57 time_out_of_attack_range_steps=559 entered_attack_range_count=41 left_attack_range_count=41
  hazard: warn_steps=66 dmg_steps=3 atk_on_warn=0 atk_on_dmg=0 atk_on_recent_warn=0 atk_on_recent_dmg=0
  recent_danger: on_recent_warn_steps=71 on_recent_dmg_steps=4 recent_warn_cells_now=9 recent_dmg_cells_now=0
  warn_reentry: reentry=1 dmg_soon=1 hit_soon=1 hit_after_avoid=1
  opportunity: safe_opp_steps=40 safe_taken=17 safe_hit=0 safe_missed=17 in_range_no_attack=29 atk_out_of_range=0 atk_danger_nearby=5
  safe_opp_action: total=40 attack=17 wait=4 move=35 missed=23 attack_ratio=42.5 % wait_ratio=10.0 % move_ratio=87.5 % move_toward_boss=11 move_away_from_boss=11 move_lateral=13
  safe_opp_move_trace_summary: samples=5 total_moves=35 useful_escape=1 kept_attack_range=10 left_attack_range=25 away_without_danger=9 hit_within_2s=0 no_hit_no_damage=5 attack_would_have_been_allowed=35
  warning_on_player: spawn_count=21 safe_move_available=8 escape_success=19 escape_fail=2 hit=2 chosen_wait=4 chosen_attack=0 chosen_move=17 spawn_to_damage_frames_avg=36.0 decision_before_damage=2 no_decision_before_damage=0
  boss_facing_diag: facing_changed_warning_to_damage=1 hit_when_facing_changed=1 hit_by_original_warning_direction=1 hit_by_rotated_damage_direction=1 pattern_hit_unknown=2
  attack_allowed_action: allowed_steps=40 chosen_attack_when_allowed=17 missed_allowed_attack=23
  delayed_hit: safe_same_step=0 safe_0.3s=3 safe_0.5s=3 out_of_range_0.5s=0 unsafe_0.5s=0
  move_danger_mask: warn_when_safe=212 recent_warn_when_safe=80 dmg_when_safe=33 least_danger_opened=39 wait_masked=32 safe_avail_steps=577 chose_safe=245 chose_danger=20
  danger: nearby_steps=281 wait_while_danger=75 safe_move=103 danger_move=20 attack=5 move_into_warn=19 move_into_dmg=1 move_into_recent_warn=20 move_into_recent_dmg=1
  hit_analysis: hit_on_warn=1 hit_on_dmg=2 hit_on_recent_warn=2 hit_safe_move_avail=1 avoidable=1 hit_after_move_danger=0 warn_to_hit_avg_steps=6.0
  player: hits=2 first_hit_step=1229 first_hit_time=24.5s death_time=61.5s
  move: actions=471 success=265 wall_blocked=0 wall_ratio=0 % (U=0 D=0 L=0 R=0) wait_actions=145
[BossRLReset] queue_reload reload_count=5 time=68.958
[BossRLReset] before_load_scene reload_count=5 time=68.958 elapsed_since_queue=0.000s
Unloading 3 Unused Serialized files (Serialized files now loaded: 0)
UnloadTime: 0.590900 ms
[BossRLReset] after_scene_loaded reload_count=6 time=68.970
Unloading 15 unused Assets to reduce memory usage. Loaded Objects now: 4225.
Total: 2.372300 ms (FindLiveObjects: 0.238100 ms CreateObjectMapping: 0.172300 ms MarkObjects: 1.938500 ms  DeleteObjects: 0.022900 ms)

[BossRL] safe_opp_move_trace episode=2 step=10 action=MOVE_UP player_cell=(0, 2) boss_cell=(0, 1) dist_before=1 dist_after=1 remained_in_attack_range_after_move=False left_attack_range_after_move=True toward=False away=False lateral=True danger_nearby=True next_warn=False next_dmg=False next_recent_warn=False next_recent_dmg=False safe_move_alternatives=3 attack_allowed=True boss_hp_before=60
[BossRL] safe_opp_move_trace_result episode=2 step=10 boss_hp_before=60 boss_hp_after_0.5s=60 boss_damage_after_0.5s=0 hit_within_1s=False hit_within_2s=False useful_escape=True no_hit_no_damage=True
[BossRL] safe_opp_move_trace episode=2 step=52 action=MOVE_RIGHT player_cell=(-2, -3) boss_cell=(0, -2) dist_before=3 dist_after=2 remained_in_attack_range_after_move=True left_attack_range_after_move=False toward=True away=False lateral=False danger_nearby=False next_warn=False next_dmg=False next_recent_warn=False next_recent_dmg=False safe_move_alternatives=3 attack_allowed=True boss_hp_before=60
[BossRL] target_alignment_hit episode=2 step=258 hit_class=root_visible_overlap time=295.000 player_cell=(-1,-3) player_facing=(1,0) attack_cells=[0,-4;0,-3;0,-2;1,-4;1,-3;1,-2] boss_cell=(0,-2) bosscell_in_attack=True sprite_visible=True visual_root_active_self=True visual_root_active_hierarchy=True sprite_renderer_enabled=True sprite_alpha=1.000 sprite_object=BossSprite boss_visual_pos=(-0.44, -1.10, 0.00) visual_cell=(0,-1) visual_cell_in_attack=False sprite_bounds_cell=(0,-1) sprite_bounds_cell_in_attack=False boss_health_pos=(-0.44, -2.00, 0.00) boss_root_pos=(-0.44, -2.00, 0.00) renderer_bounds_center=(-0.44, -1.10, 0.00) root_cell=(0,-2) root_cell_in_attack=True grid_occupant_cell=(0,1) hidden=False dashing=False markdash=False dash_start=(0,0) dash_end=(0,0) dash_current=(0,0) dash_current_in_attack=False dash_line_overlap_attack=False active_damage_overlap_attack=False active_warning_overlap_attack=False attack_cells_overlap_any_active_lane=False boss_hp_before=60 boss_hp_after=59 damage=1
[BossRL] safe_opp_move_trace_result episode=2 step=52 boss_hp_before=60 boss_hp_after_0.5s=59 boss_damage_after_0.5s=1 hit_within_1s=False hit_within_2s=False useful_escape=False no_hit_no_damage=False
[BossRL] safe_opp_move_trace episode=2 step=75 action=MOVE_LEFT player_cell=(1, 1) boss_cell=(0, 0) dist_before=2 dist_after=2 remained_in_attack_range_after_move=False left_attack_range_after_move=True toward=False away=False lateral=True danger_nearby=False next_warn=False next_dmg=False next_recent_warn=False next_recent_dmg=False safe_move_alternatives=4 attack_allowed=True boss_hp_before=59
[BossRL] safe_opp_move_trace episode=2 step=77 action=MOVE_UP player_cell=(1, 1) boss_cell=(0, 1) dist_before=1 dist_after=2 remained_in_attack_range_after_move=True left_attack_range_after_move=False toward=False away=True lateral=False danger_nearby=False next_warn=False next_dmg=False next_recent_warn=False next_recent_dmg=False safe_move_alternatives=4 attack_allowed=True boss_hp_before=59
[BossRL] safe_opp_move_trace episode=2 step=88 action=MOVE_LEFT player_cell=(-1, 2) boss_cell=(0, 1) dist_before=2 dist_after=2 remained_in_attack_range_after_move=False left_attack_range_after_move=True toward=False away=False lateral=True danger_nearby=True next_warn=False next_dmg=False next_recent_warn=False next_recent_dmg=False safe_move_alternatives=3 attack_allowed=True boss_hp_before=59
[BossRL] safe_opp_move_trace_result episode=2 step=75 boss_hp_before=59 boss_hp_after_0.5s=59 boss_damage_after_0.5s=0 hit_within_1s=False hit_within_2s=False useful_escape=False no_hit_no_damage=True
[BossRL] safe_opp_move_trace_result episode=2 step=77 boss_hp_before=59 boss_hp_after_0.5s=59 boss_damage_after_0.5s=0 hit_within_1s=False hit_within_2s=False useful_escape=False no_hit_no_damage=True
[BossRL] safe_opp_move_trace_result episode=2 step=88 boss_hp_before=59 boss_hp_after_0.5s=59 boss_damage_after_0.5s=0 hit_within_1s=False hit_within_2s=False useful_escape=True no_hit_no_damage=True
[BossRL] target_alignment_hit episode=2 step=668 hit_class=dash_current_overlap time=303.200 player_cell=(1,-3) player_facing=(1,0) attack_cells=[2,-4;2,-3;2,-2;3,-4;3,-3;3,-2] boss_cell=(3,-3) bosscell_in_attack=True sprite_visible=True visual_root_active_self=True visual_root_active_hierarchy=True sprite_renderer_enabled=True sprite_alpha=1.000 sprite_object=BossSprite boss_visual_pos=(2.71, -1.41, 0.00) visual_cell=(3,-1) visual_cell_in_attack=False sprite_bounds_cell=(3,-1) sprite_bounds_cell_in_attack=False boss_health_pos=(2.71, -2.71, 0.00) boss_root_pos=(2.71, -2.71, 0.00) renderer_bounds_center=(2.71, -1.41, 0.00) root_cell=(3,-3) root_cell_in_attack=True grid_occupant_cell=(0,1) hidden=False dashing=True markdash=False dash_start=(-3,3) dash_end=(3,-3) dash_current=(3,-3) dash_current_in_attack=True dash_line_overlap_attack=True active_damage_overlap_attack=True active_warning_overlap_attack=False attack_cells_overlap_any_active_lane=True boss_hp_before=59 boss_hp_after=58 damage=1
[BossRL] target_alignment_hit episode=2 step=1343 hit_class=normal_visible time=316.700 player_cell=(-2,0) player_facing=(-1,0) attack_cells=[-3,1;-3,0;-3,-1;-4,1;-4,0;-4,-1] boss_cell=(-3,0) bosscell_in_attack=True sprite_visible=True visual_root_active_self=True visual_root_active_hierarchy=True sprite_renderer_enabled=True sprite_alpha=1.000 sprite_object=BossSprite boss_visual_pos=(-3.00, 1.30, 0.00) visual_cell=(-3,1) visual_cell_in_attack=True sprite_bounds_cell=(-3,1) sprite_bounds_cell_in_attack=True boss_health_pos=(-3.00, 0.00, 0.00) boss_root_pos=(-3.00, 0.00, 0.00) renderer_bounds_center=(-3.00, 1.30, 0.00) root_cell=(-3,0) root_cell_in_attack=True grid_occupant_cell=(0,1) hidden=False dashing=False markdash=False dash_start=(3,-2) dash_end=(-3,-2) dash_current=(-3,-2) dash_current_in_attack=False dash_line_overlap_attack=False active_damage_overlap_attack=False active_warning_overlap_attack=False attack_cells_overlap_any_active_lane=False boss_hp_before=58 boss_hp_after=57 damage=1
[BossRL] terminal_reward reason=player_dead value=-8.000
[BossRL] EPISODE_END reason=player_dead steps=2329 survival=46.6s survived10s=True survived20s=True
  reward: total=-21.844 boss=0.300 hit=-4.000 death=-8.000 warn_tile=-7.200 dmg_tile=-0.400 wall=0.000 approach=0.000 missed_atk=0.000 cooldown_atk=0.000 moved_into_danger=-2.300 safe_atk=0.240 missed_safe_opp=-0.018
  boss: hp_start=60 hp_left=57 dmg_dealt=3 dmg_before_first_hit=2
  move_mask: wall(geometry)=185 warn=164(should=0) dmg=32 recent_warn=66(should=0) recent_dmg=0(should=0) due_to_busy=0(must=0) allowed=1417 dangerous_attempts=262
  move_escape: wait_only_states=0 geo=0 dmg=0 busy=0(must=0) boss_cell=0(must=0) escape_forced_open=0 boss_cell_blocked=0(must=0) boss_cell_allowed=55 busy_at_mask=207 wait_actions=100
  attack_mask: total_masked=444 allowed(safe_in_range)=22 survival_stage=0 not_ready=55 out_of_range=375 on_warn=6 on_dmg=0 on_recent_warn=0 on_recent_dmg=0
  attack_quality: actions=11 hits=3 missed=0 cooldown=0 hit_rate=27.3 % dmg_per_atk=0.273
  target_alignment: logs=3 boss_sprite_visible_hit_count=3 boss_sprite_invisible_hit_count=0 boss_sprite_off_but_bosscell_hit_count=0 boss_visual_root_inactive_hit_count=0 boss_renderer_disabled_hit_count=0 boss_alpha_zero_hit_count=0 bosscell_in_attack_range_but_sprite_not_visible_count=0 bosscell_in_attack_range_but_sprite_cell_out_of_range_count=2 sprite_visible_cell_in_attack_range_count=1 sprite_visible_cell_out_of_attack_range_count=2 hidden_boss_attack_reward_count=0
  dash_target_alignment: hit_class_normal_visible_count=1 hit_class_root_visible_overlap_count=1 hit_class_dash_current_overlap_count=1 hit_class_stale_bosscell_count=0 hit_class_hidden_target_count=0 hit_class_off_lane_empty_count=0 hit_class_unknown_remaining_count=0 root_cell_in_attack_range_count=3 sprite_bounds_cell_in_attack_range_count=1 boss_cell_in_attack_range_count=3 root_in_range_sprite_bounds_out_count=2 root_in_range_sprite_invisible_count=0 sprite_bounds_out_but_root_visible_overlap_count=1 dash_current_root_overlap_count=1 dash_current_visual_overlap_count=1 dash_allowed_candidate_count=1 dash_stale_bosscell_only_count=0 dash_off_lane_empty_count=0 dash_hit_allowed_candidate_count=1 dash_hit_current_visual_overlap_count=1 dash_hit_bosscell_only_count=0 dash_hit_previous_position_suspect_count=0 dash_hit_future_endcell_suspect_count=0 dash_hit_outside_active_lane_count=2 dash_hit_inside_active_damage_lane_count=1 dash_hit_inside_active_warning_lane_count=0
  rl_target_gate: rl_attack_allowed_normal_visible_count=12 rl_attack_allowed_root_visible_overlap_count=9 rl_attack_allowed_dash_current_overlap_count=1 rl_attack_blocked_hidden_target_count=8 rl_attack_blocked_stale_bosscell_count=0 rl_attack_blocked_off_lane_empty_count=0 external_attack_blocked_target_hidden_count=0 hidden_target_successful_hit_after_gate_count=0 root_visible_overlap_successful_hit_after_gate_count=1 dash_current_overlap_successful_hit_after_gate_count=1
  markatk_observation: markatk_real_spawn_count=0 markatk_fake_spawn_count=0 markatk_real_observed_count=0 markatk_fake_observed_count=0 markatk_real_visible_cell_count=0 markatk_fake_visible_cell_count=0 markatk_registry_active_count=0 markatk_registry_stale_count=0 markatk_visible_during_markdash_count=0 markatk_fake_used_by_danger_mask_count=0 markatk_fake_used_by_attack_mask_count=0 fake_marker_in_danger_mask_count=0
  sweep_history_observation: phase2_sweep_history_active_steps=426 previous_warning_2_nonzero_steps=204 previous_damage_1_nonzero_steps=41 recent_sweep_history_nonzero_steps=426 sweep_visible_history_stack_nonzero_steps=426 sweep_history_channel_nonzero_count=6900 sweep_history_channels_added_count=3 next_band_direct_observation_count=0 sweep_sequence_index_observation_count=0
  diagonal_blindspot_wiggle_diag: diagonal_blindspot_bosscell_steps=62 diagonal_blindspot_root_steps=62 diagonal_blindspot_visual_steps=63 diagonal_blindspot_attack_count=4 diagonal_blindspot_attack_hit_count=0 diagonal_blindspot_move_count=61 diagonal_blindspot_back_and_forth_count=5 diagonal_blindspot_axis_exit_count=19 diagonal_blindspot_kept_safe_count=91 diagonal_blindspot_then_player_hit_count=0 diagonal_blindspot_boss_melee_whiff_candidate_count=18 attack_after_diagonal_wiggle_count=0 axis_position_step_count=159 axis_position_player_hit_count=2 axis_position_boss_melee_hit_count=2 diagonal_blindspot_player_hit_count=1 diagonal_blindspot_boss_melee_hit_count=1 axis_vs_diagonal_hit_rate_delta=-0.003 player_in_boss_front_axis=46 player_in_boss_back_axis=34 player_in_boss_left_axis=25 player_in_boss_right_axis=37 player_in_boss_diagonal_blindspot=124
  action_histogram: wait=99 move_up=90 move_down=93 move_left=87 move_right=96 attack=11
  action_space: move_branch=366 attack_branch_intent=11 attack_applied=11 simultaneous_move_attack=10 simultaneous_move_attack_allowed=10 simultaneous_move_attack_blocked=0 simultaneous_move_attack_successful_hit=2 attack_while_moving=7 diagonal_blindspot_move_attack=4 dash_current_overlap_move_attack=0 safe_opp_attack_ratio=36.7 %
  attack_range: in_range_steps=47 atk_in_range=11 atk_out_range=0 avg_dist=2.00 first_atk_dist=1.00
  distance_position: avg_distance_to_boss=3.32 min_distance_to_boss=0 max_distance_to_boss=9 time_in_attack_range_steps=47 time_out_of_attack_range_steps=419 entered_attack_range_count=34 left_attack_range_count=34
  hazard: warn_steps=72 dmg_steps=2 atk_on_warn=0 atk_on_dmg=0 atk_on_recent_warn=0 atk_on_recent_dmg=0
  recent_danger: on_recent_warn_steps=78 on_recent_dmg_steps=4 recent_warn_cells_now=9 recent_dmg_cells_now=0
  warn_reentry: reentry=1 dmg_soon=1 hit_soon=1 hit_after_avoid=1
  opportunity: safe_opp_steps=30 safe_taken=11 safe_hit=0 safe_missed=11 in_range_no_attack=25 atk_out_of_range=0 atk_danger_nearby=4
  safe_opp_action: total=30 attack=11 wait=4 move=25 missed=19 attack_ratio=36.7 % wait_ratio=13.3 % move_ratio=83.3 % move_toward_boss=5 move_away_from_boss=7 move_lateral=13
  safe_opp_move_trace_summary: samples=5 total_moves=25 useful_escape=2 kept_attack_range=7 left_attack_range=18 away_without_danger=3 hit_within_2s=0 no_hit_no_damage=4 attack_would_have_been_allowed=25
  warning_on_player: spawn_count=20 safe_move_available=8 escape_success=17 escape_fail=2 hit=2 chosen_wait=2 chosen_attack=0 chosen_move=18 spawn_to_damage_frames_avg=36.0 decision_before_damage=2 no_decision_before_damage=0
  boss_facing_diag: facing_changed_warning_to_damage=0 hit_when_facing_changed=0 hit_by_original_warning_direction=2 hit_by_rotated_damage_direction=0 pattern_hit_unknown=2
  attack_allowed_action: allowed_steps=30 chosen_attack_when_allowed=11 missed_allowed_attack=19
  delayed_hit: safe_same_step=0 safe_0.3s=3 safe_0.5s=3 out_of_range_0.5s=0 unsafe_0.5s=0
  move_danger_mask: warn_when_safe=164 recent_warn_when_safe=66 dmg_when_safe=32 least_danger_opened=43 wait_masked=35 safe_avail_steps=423 chose_safe=186 chose_danger=21
  danger: nearby_steps=227 wait_while_danger=49 safe_move=78 danger_move=21 attack=4 move_into_warn=18 move_into_dmg=1 move_into_recent_warn=21 move_into_recent_dmg=2
  hit_analysis: hit_on_warn=1 hit_on_dmg=2 hit_on_recent_warn=2 hit_safe_move_avail=1 avoidable=1 hit_after_move_danger=0 warn_to_hit_avg_steps=6.0
  player: hits=2 first_hit_step=1113 first_hit_time=22.2s death_time=46.6s
  move: actions=366 success=207 wall_blocked=0 wall_ratio=0 % (U=0 D=0 L=0 R=0) wait_actions=100
[BossRLReset] queue_reload reload_count=6 time=79.327
[BossRLReset] before_load_scene reload_count=6 time=79.341 elapsed_since_queue=0.013s
Unloading 3 Unused Serialized files (Serialized files now loaded: 0)
UnloadTime: 0.514800 ms
[BossRLReset] after_scene_loaded reload_count=7 time=79.358
Unloading 17 unused Assets to reduce memory usage. Loaded Objects now: 4225.
Total: 2.628300 ms (FindLiveObjects: 0.265600 ms CreateObjectMapping: 0.087100 ms MarkObjects: 2.249500 ms  DeleteObjects: 0.025900 ms)

[BossRL] step=50 r=-0.001 onWarn=False onDmg=False act=1(atk=False) inRange=False move=Busy wallRatio=0 % warnReentry=0
[BossRL] safe_opp_move_trace episode=2 step=15 action=MOVE_RIGHT player_cell=(0, 3) boss_cell=(0, 2) dist_before=1 dist_after=2 remained_in_attack_range_after_move=True left_attack_range_after_move=False toward=False away=True lateral=False danger_nearby=False next_warn=False next_dmg=False next_recent_warn=False next_recent_dmg=False safe_move_alternatives=3 attack_allowed=True boss_hp_before=60
[BossRL] step=100 r=-0.001 onWarn=False onDmg=False act=0(atk=False) inRange=False move=None wallRatio=0 % warnReentry=0
[BossRL] safe_opp_move_trace episode=2 step=23 action=MOVE_RIGHT player_cell=(2, 3) boss_cell=(0, 2) dist_before=3 dist_after=4 remained_in_attack_range_after_move=False left_attack_range_after_move=True toward=False away=True lateral=False danger_nearby=True next_warn=False next_dmg=False next_recent_warn=False next_recent_dmg=False safe_move_alternatives=2 attack_allowed=True boss_hp_before=60
[BossRL] safe_opp_move_trace episode=2 step=29 action=MOVE_UP player_cell=(3, 2) boss_cell=(1, 2) dist_before=2 dist_after=3 remained_in_attack_range_after_move=True left_attack_range_after_move=False toward=False away=True lateral=False danger_nearby=False next_warn=False next_dmg=False next_recent_warn=False next_recent_dmg=False safe_move_alternatives=3 attack_allowed=True boss_hp_before=60
[BossRL] step=150 r=-0.001 onWarn=False onDmg=False act=0(atk=False) inRange=False move=None wallRatio=0 % warnReentry=0
[BossRL] safe_opp_move_trace_result episode=2 step=15 boss_hp_before=60 boss_hp_after_0.5s=60 boss_damage_after_0.5s=0 hit_within_1s=False hit_within_2s=False useful_escape=False no_hit_no_damage=True
[BossRL] step=200 r=-0.001 onWarn=False onDmg=False act=0(atk=False) inRange=False move=None wallRatio=0 % warnReentry=0
[BossRL] safe_opp_move_trace_result episode=2 step=23 boss_hp_before=60 boss_hp_after_0.5s=60 boss_damage_after_0.5s=0 hit_within_1s=False hit_within_2s=False useful_escape=True no_hit_no_damage=True
[BossRL] safe_opp_move_trace_result episode=2 step=29 boss_hp_before=60 boss_hp_after_0.5s=60 boss_damage_after_0.5s=0 hit_within_1s=False hit_within_2s=False useful_escape=False no_hit_no_damage=True
[BossRL] step=250 r=-0.001 onWarn=False onDmg=False act=0(atk=False) inRange=False move=None wallRatio=0 % warnReentry=0
[BossRL] safe_opp_move_trace episode=2 step=52 action=MOVE_RIGHT player_cell=(1, 0) boss_cell=(2, 2) dist_before=3 dist_after=3 remained_in_attack_range_after_move=False left_attack_range_after_move=True toward=False away=False lateral=True danger_nearby=True next_warn=False next_dmg=False next_recent_warn=False next_recent_dmg=False safe_move_alternatives=3 attack_allowed=True boss_hp_before=60
[BossRL] step=300 r=-0.001 onWarn=False onDmg=False act=3(atk=False) inRange=False move=WillMove wallRatio=0 % warnReentry=0
[BossRL] safe_opp_move_trace episode=2 step=68 action=MOVE_RIGHT player_cell=(-1, 1) boss_cell=(0, 0) dist_before=2 dist_after=1 remained_in_attack_range_after_move=False left_attack_range_after_move=True toward=True away=False lateral=False danger_nearby=False next_warn=False next_dmg=False next_recent_warn=False next_recent_dmg=False safe_move_alternatives=4 attack_allowed=True boss_hp_before=60
[BossRL] step=350 r=-0.001 onWarn=False onDmg=False act=4(atk=False) inRange=True move=WillMove wallRatio=0 % warnReentry=0
[BossRL] safe_opp_move_trace_result episode=2 step=52 boss_hp_before=60 boss_hp_after_0.5s=60 boss_damage_after_0.5s=0 hit_within_1s=False hit_within_2s=False useful_escape=True no_hit_no_damage=True
[BossRL] step=400 r=-0.001 onWarn=False onDmg=False act=1(atk=False) inRange=False move=WillMove wallRatio=0 % warnReentry=0
[BossRL] safe_opp_move_trace_result episode=2 step=68 boss_hp_before=60 boss_hp_after_0.5s=60 boss_damage_after_0.5s=0 hit_within_1s=False hit_within_2s=False useful_escape=False no_hit_no_damage=True
[BossRL] step=450 r=-0.001 onWarn=False onDmg=False act=1(atk=False) inRange=False move=Busy wallRatio=0 % warnReentry=0
[BossRL] step=500 r=-0.001 onWarn=False onDmg=False act=3(atk=False) inRange=False move=WillMove wallRatio=0 % warnReentry=0
[BossRL] step=550 r=-0.001 onWarn=False onDmg=False act=0(atk=False) inRange=False move=None wallRatio=0 % warnReentry=0
[BossRL] step=600 r=-0.001 onWarn=False onDmg=False act=0(atk=False) inRange=False move=None wallRatio=0 % warnReentry=0
[BossRL] step=650 r=-0.001 onWarn=False onDmg=False act=1(atk=False) inRange=False move=Busy wallRatio=0 % warnReentry=0
[BossRL] step=700 r=-0.001 onWarn=False onDmg=False act=2(atk=False) inRange=False move=WillMove wallRatio=0 % warnReentry=0
[BossRL] step=750 r=-0.001 onWarn=False onDmg=False act=1(atk=False) inRange=False move=Busy wallRatio=0 % warnReentry=0
[BossRL] step=800 r=-0.001 onWarn=False onDmg=False act=1(atk=False) inRange=False move=WillMove wallRatio=0 % warnReentry=0
[BossRL] step=850 r=-0.001 onWarn=False onDmg=False act=4(atk=False) inRange=False move=WillMove wallRatio=0 % warnReentry=0
[BossRL] step=900 r=-0.001 onWarn=False onDmg=False act=1(atk=False) inRange=False move=Busy wallRatio=0 % warnReentry=0
[BossRL] step=950 r=-0.001 onWarn=False onDmg=False act=3(atk=False) inRange=False move=WillMove wallRatio=0 % warnReentry=0
[BossRL] target_alignment_hit episode=2 step=975 hit_class=root_visible_overlap time=356.000 player_cell=(1,-2) player_facing=(1,0) attack_cells=[2,-3;2,-2;2,-1;3,-3;3,-2;3,-1] boss_cell=(3,-1) bosscell_in_attack=True sprite_visible=True visual_root_active_self=True visual_root_active_hierarchy=True sprite_renderer_enabled=True sprite_alpha=1.000 sprite_object=BossSprite boss_visual_pos=(3.00, 0.30, 0.00) visual_cell=(3,0) visual_cell_in_attack=False sprite_bounds_cell=(3,0) sprite_bounds_cell_in_attack=False boss_health_pos=(3.00, -1.00, 0.00) boss_root_pos=(3.00, -1.00, 0.00) renderer_bounds_center=(3.00, 0.30, 0.00) root_cell=(3,-1) root_cell_in_attack=True grid_occupant_cell=(0,1) hidden=False dashing=False markdash=False dash_start=(3,-2) dash_end=(-3,-2) dash_current=(-3,-2) dash_current_in_attack=False dash_line_overlap_attack=False active_damage_overlap_attack=False active_warning_overlap_attack=False attack_cells_overlap_any_active_lane=False boss_hp_before=60 boss_hp_after=59 damage=1
[BossRL] step=1000 r=-0.001 onWarn=False onDmg=False act=0(atk=False) inRange=False move=None wallRatio=0 % warnReentry=0
[BossRL] step=1050 r=-0.001 onWarn=False onDmg=False act=1(atk=False) inRange=False move=Busy wallRatio=0 % warnReentry=0
[BossRL] step=1100 r=-0.001 onWarn=False onDmg=False act=3(atk=False) inRange=False move=Busy wallRatio=0 % warnReentry=0
[BossRL] target_alignment_hit episode=2 step=1115 hit_class=normal_visible time=358.800 player_cell=(1,2) player_facing=(0,-1) attack_cells=[0,1;1,1;2,1;0,0;1,0;2,0] boss_cell=(2,0) bosscell_in_attack=True sprite_visible=True visual_root_active_self=True visual_root_active_hierarchy=True sprite_renderer_enabled=True sprite_alpha=1.000 sprite_object=BossSprite boss_visual_pos=(2.00, 1.41, 0.00) visual_cell=(2,1) visual_cell_in_attack=True sprite_bounds_cell=(2,1) sprite_bounds_cell_in_attack=True boss_health_pos=(2.00, 0.11, 0.00) boss_root_pos=(2.00, 0.11, 0.00) renderer_bounds_center=(2.00, 1.41, 0.00) root_cell=(2,0) root_cell_in_attack=True grid_occupant_cell=(0,1) hidden=False dashing=False markdash=False dash_start=(3,-2) dash_end=(-3,-2) dash_current=(-3,-2) dash_current_in_attack=False dash_line_overlap_attack=False active_damage_overlap_attack=False active_warning_overlap_attack=False attack_cells_overlap_any_active_lane=False boss_hp_before=59 boss_hp_after=58 damage=1
[BossRL] step=1150 r=-0.001 onWarn=False onDmg=False act=4(atk=False) inRange=False move=Busy wallRatio=0 % warnReentry=0
[BossRL] step=1200 r=-0.001 onWarn=False onDmg=False act=2(atk=False) inRange=False move=WillMove wallRatio=0 % warnReentry=0
[BossRL] step=1250 r=-0.001 onWarn=False onDmg=False act=2(atk=False) inRange=False move=WillMove wallRatio=0 % warnReentry=0
[BossRL] step=1300 r=-0.001 onWarn=False onDmg=False act=1(atk=False) inRange=False move=Busy wallRatio=0 % warnReentry=0
[BossRL] step=1350 r=-0.001 onWarn=False onDmg=False act=4(atk=False) inRange=False move=WillMove wallRatio=0 % warnReentry=0
[BossRL] step=1400 r=-0.201 onWarn=True onDmg=False act=4(atk=False) inRange=True move=WillMove wallRatio=0 % warnReentry=0
[BossRL] step=1450 r=-0.001 onWarn=False onDmg=False act=3(atk=False) inRange=False move=WillMove wallRatio=0 % warnReentry=0
[BossRL] step=1500 r=-0.001 onWarn=False onDmg=False act=4(atk=False) inRange=False move=WillMove wallRatio=0 % warnReentry=0
[BossRL] step=1550 r=-0.001 onWarn=False onDmg=False act=4(atk=False) inRange=False move=Busy wallRatio=0 % warnReentry=0
[BossRL] step=1600 r=-0.001 onWarn=False onDmg=False act=4(atk=True) inRange=True move=Busy wallRatio=0 % warnReentry=0
[BossRL] target_alignment_hit episode=2 step=1600 hit_class=normal_visible time=368.500 player_cell=(0,1) player_facing=(1,0) attack_cells=[1,0;1,1;1,2;2,0;2,1;2,2] boss_cell=(1,0) bosscell_in_attack=True sprite_visible=True visual_root_active_self=True visual_root_active_hierarchy=True sprite_renderer_enabled=True sprite_alpha=1.000 sprite_object=BossSprite boss_visual_pos=(1.00, 1.30, 0.00) visual_cell=(1,1) visual_cell_in_attack=True sprite_bounds_cell=(1,1) sprite_bounds_cell_in_attack=True boss_health_pos=(1.00, 0.00, 0.00) boss_root_pos=(1.00, 0.00, 0.00) renderer_bounds_center=(1.00, 1.30, 0.00) root_cell=(1,0) root_cell_in_attack=True grid_occupant_cell=(0,1) hidden=False dashing=False markdash=False dash_start=(3,-2) dash_end=(-3,-2) dash_current=(-3,-2) dash_current_in_attack=False dash_line_overlap_attack=False active_damage_overlap_attack=False active_warning_overlap_attack=False attack_cells_overlap_any_active_lane=False boss_hp_before=58 boss_hp_after=57 damage=1
[BossRL] step=1650 r=-0.001 onWarn=False onDmg=False act=4(atk=False) inRange=False move=WillMove wallRatio=0 % warnReentry=0
[BossRL] step=1700 r=-0.001 onWarn=False onDmg=False act=4(atk=False) inRange=False move=Busy wallRatio=0 % warnReentry=0
[BossRL] step=1750 r=-0.101 onWarn=True onDmg=False act=3(atk=False) inRange=False move=Busy wallRatio=0 % warnReentry=0
[BossRL] step=1800 r=-0.001 onWarn=False onDmg=False act=3(atk=False) inRange=False move=Busy wallRatio=0 % warnReentry=0
[BossRL] step=1850 r=-0.101 onWarn=True onDmg=False act=2(atk=False) inRange=False move=Busy wallRatio=0 % warnReentry=0
[BossRL] step=1900 r=-0.001 onWarn=False onDmg=False act=4(atk=False) inRange=False move=Busy wallRatio=0 % warnReentry=0
[BossRL] step=1950 r=-0.101 onWarn=True onDmg=False act=1(atk=False) inRange=False move=Busy wallRatio=0 % warnReentry=0
[BossRL] step=2000 r=-0.001 onWarn=False onDmg=False act=1(atk=False) inRange=False move=WillMove wallRatio=0 % warnReentry=0
[BossRL] step=2050 r=-0.001 onWarn=False onDmg=False act=4(atk=False) inRange=False move=Busy wallRatio=0 % warnReentry=0
[BossRL] step=2100 r=-0.001 onWarn=False onDmg=False act=2(atk=False) inRange=False move=Busy wallRatio=0 % warnReentry=0
[BossRL] step=2150 r=-0.001 onWarn=False onDmg=False act=1(atk=False) inRange=False move=WillMove wallRatio=0 % warnReentry=0
[BossRL] step=2200 r=-0.001 onWarn=False onDmg=False act=4(atk=False) inRange=False move=WillMove wallRatio=0 % warnReentry=0
[BossRL] step=2250 r=-0.101 onWarn=True onDmg=False act=2(atk=False) inRange=False move=WillMove wallRatio=0 % warnReentry=0
[BossRL] step=2300 r=-0.001 onWarn=False onDmg=False act=0(atk=False) inRange=False move=None wallRatio=0 % warnReentry=0
[BossRL] step=2350 r=-0.001 onWarn=False onDmg=False act=2(atk=False) inRange=False move=Busy wallRatio=0 % warnReentry=0
[BossRL] step=2400 r=-0.001 onWarn=False onDmg=False act=2(atk=False) inRange=False move=WillMove wallRatio=0 % warnReentry=0
[BossRL] step=2450 r=-0.001 onWarn=False onDmg=False act=2(atk=False) inRange=False move=WillMove wallRatio=0 % warnReentry=0
[BossRL] target_alignment_hit episode=2 step=2465 hit_class=normal_visible time=385.800 player_cell=(1,0) player_facing=(0,1) attack_cells=[2,1;1,1;0,1;2,2;1,2;0,2] boss_cell=(2,1) bosscell_in_attack=True sprite_visible=True visual_root_active_self=True visual_root_active_hierarchy=True sprite_renderer_enabled=True sprite_alpha=1.000 sprite_object=BossSprite boss_visual_pos=(2.00, 2.30, 0.00) visual_cell=(2,2) visual_cell_in_attack=True sprite_bounds_cell=(2,2) sprite_bounds_cell_in_attack=True boss_health_pos=(2.00, 1.00, 0.00) boss_root_pos=(2.00, 1.00, 0.00) renderer_bounds_center=(2.00, 2.30, 0.00) root_cell=(2,1) root_cell_in_attack=True grid_occupant_cell=(0,1) hidden=False dashing=False markdash=False dash_start=(0,-3) dash_end=(0,3) dash_current=(0,3) dash_current_in_attack=False dash_line_overlap_attack=False active_damage_overlap_attack=False active_warning_overlap_attack=False attack_cells_overlap_any_active_lane=False boss_hp_before=57 boss_hp_after=56 damage=1
[BossRL] step=2500 r=-0.001 onWarn=False onDmg=False act=3(atk=False) inRange=False move=WillMove wallRatio=0 % warnReentry=0
[BossRL] step=2550 r=-0.001 onWarn=False onDmg=False act=0(atk=False) inRange=False move=None wallRatio=0 % warnReentry=0
[BossRL] step=2600 r=-0.001 onWarn=False onDmg=False act=4(atk=False) inRange=False move=WillMove wallRatio=0 % warnReentry=0
[BossRL] step=2650 r=-0.001 onWarn=False onDmg=False act=1(atk=False) inRange=False move=WillMove wallRatio=0 % warnReentry=0
[BossRL] step=2700 r=-0.001 onWarn=False onDmg=False act=3(atk=False) inRange=False move=Busy wallRatio=0 % warnReentry=0
[BossRL] step=2750 r=-0.201 onWarn=False onDmg=True act=3(atk=False) inRange=False move=WillMove wallRatio=0 % warnReentry=1
[BossRL] step=2800 r=-0.001 onWarn=False onDmg=False act=2(atk=False) inRange=False move=WillMove wallRatio=0 % warnReentry=1
[BossRL] step=2850 r=-0.201 onWarn=True onDmg=False act=3(atk=False) inRange=False move=WillMove wallRatio=0 % warnReentry=1
[BossRL] step=2900 r=-0.001 onWarn=False onDmg=False act=3(atk=False) inRange=False move=Busy wallRatio=0 % warnReentry=1
[BossRL] step=2950 r=-0.001 onWarn=False onDmg=False act=0(atk=False) inRange=False move=None wallRatio=0 % warnReentry=1
[BossRL] step=3000 r=-0.001 onWarn=False onDmg=False act=0(atk=False) inRange=False move=None wallRatio=0 % warnReentry=1
[BossRL] step=3050 r=-0.001 onWarn=False onDmg=False act=1(atk=False) inRange=False move=WillMove wallRatio=0 % warnReentry=1
[BossRL] step=3100 r=-0.001 onWarn=False onDmg=False act=1(atk=False) inRange=False move=Busy wallRatio=0 % warnReentry=1
[BossRL] target_alignment_hit episode=2 step=3140 hit_class=normal_visible time=399.300 player_cell=(-1,-2) player_facing=(1,0) attack_cells=[0,-3;0,-2;0,-1;1,-3;1,-2;1,-1] boss_cell=(0,-3) bosscell_in_attack=True sprite_visible=True visual_root_active_self=True visual_root_active_hierarchy=True sprite_renderer_enabled=True sprite_alpha=1.000 sprite_object=BossSprite boss_visual_pos=(0.17, -2.10, 0.00) visual_cell=(0,-2) visual_cell_in_attack=True sprite_bounds_cell=(0,-2) sprite_bounds_cell_in_attack=True boss_health_pos=(0.17, -3.00, 0.00) boss_root_pos=(0.17, -3.00, 0.00) renderer_bounds_center=(0.17, -2.10, 0.00) root_cell=(0,-3) root_cell_in_attack=True grid_occupant_cell=(0,1) hidden=False dashing=False markdash=False dash_start=(-2,-3) dash_end=(-2,3) dash_current=(-2,3) dash_current_in_attack=False dash_line_overlap_attack=False active_damage_overlap_attack=False active_warning_overlap_attack=False attack_cells_overlap_any_active_lane=False boss_hp_before=56 boss_hp_after=55 damage=1
[BossRL] step=3150 r=-0.001 onWarn=False onDmg=False act=0(atk=False) inRange=False move=None wallRatio=0 % warnReentry=1
[BossRL] step=3200 r=-0.001 onWarn=False onDmg=False act=1(atk=False) inRange=False move=Busy wallRatio=0 % warnReentry=1
[BossRL] step=3250 r=-0.001 onWarn=False onDmg=False act=2(atk=False) inRange=False move=WillMove wallRatio=0 % warnReentry=1
[BossRL] target_alignment_hit episode=2 step=3275 hit_class=root_visible_overlap time=402.000 player_cell=(1,-1) player_facing=(0,-1) attack_cells=[0,-2;1,-2;2,-2;0,-3;1,-3;2,-3] boss_cell=(0,-2) bosscell_in_attack=True sprite_visible=True visual_root_active_self=True visual_root_active_hierarchy=True sprite_renderer_enabled=True sprite_alpha=1.000 sprite_object=BossSprite boss_visual_pos=(0.00, -1.10, 0.00) visual_cell=(0,-1) visual_cell_in_attack=False sprite_bounds_cell=(0,-1) sprite_bounds_cell_in_attack=False boss_health_pos=(0.00, -2.00, 0.00) boss_root_pos=(0.00, -2.00, 0.00) renderer_bounds_center=(0.00, -1.10, 0.00) root_cell=(0,-2) root_cell_in_attack=True grid_occupant_cell=(0,1) hidden=False dashing=False markdash=False dash_start=(-2,-3) dash_end=(-2,3) dash_current=(-2,3) dash_current_in_attack=False dash_line_overlap_attack=False active_damage_overlap_attack=False active_warning_overlap_attack=False attack_cells_overlap_any_active_lane=False boss_hp_before=55 boss_hp_after=54 damage=1
[BossRL] step=3300 r=-0.001 onWarn=False onDmg=False act=4(atk=False) inRange=False move=WillMove wallRatio=0 % warnReentry=1
[BossRL] terminal_reward reason=player_dead value=-8.000
[BossRL] EPISODE_END reason=player_dead steps=3345 survival=66.9s survived10s=True survived20s=True
  reward: total=-24.025 boss=0.600 hit=-4.000 death=-8.000 warn_tile=-9.000 dmg_tile=-0.800 wall=0.000 approach=0.000 missed_atk=0.000 cooldown_atk=0.000 moved_into_danger=-2.600 safe_atk=0.480 missed_safe_opp=-0.036
  boss: hp_start=60 hp_left=54 dmg_dealt=6 dmg_before_first_hit=2
  move_mask: wall(geometry)=310 warn=236(should=0) dmg=34 recent_warn=79(should=0) recent_dmg=0(should=0) due_to_busy=0(must=0) allowed=2017 dangerous_attempts=349
  move_escape: wait_only_states=0 geo=0 dmg=0 busy=0(must=0) boss_cell=0(must=0) escape_forced_open=0 boss_cell_blocked=0(must=0) boss_cell_allowed=73 busy_at_mask=294 wait_actions=151
  attack_mask: total_masked=638 allowed(safe_in_range)=31 survival_stage=0 not_ready=70 out_of_range=552 on_warn=6 on_dmg=0 on_recent_warn=0 on_recent_dmg=0
  attack_quality: actions=14 hits=6 missed=0 cooldown=0 hit_rate=42.9 % dmg_per_atk=0.429
  target_alignment: logs=6 boss_sprite_visible_hit_count=6 boss_sprite_invisible_hit_count=0 boss_sprite_off_but_bosscell_hit_count=0 boss_visual_root_inactive_hit_count=0 boss_renderer_disabled_hit_count=0 boss_alpha_zero_hit_count=0 bosscell_in_attack_range_but_sprite_not_visible_count=0 bosscell_in_attack_range_but_sprite_cell_out_of_range_count=2 sprite_visible_cell_in_attack_range_count=4 sprite_visible_cell_out_of_attack_range_count=2 hidden_boss_attack_reward_count=0
  dash_target_alignment: hit_class_normal_visible_count=4 hit_class_root_visible_overlap_count=2 hit_class_dash_current_overlap_count=0 hit_class_stale_bosscell_count=0 hit_class_hidden_target_count=0 hit_class_off_lane_empty_count=0 hit_class_unknown_remaining_count=0 root_cell_in_attack_range_count=6 sprite_bounds_cell_in_attack_range_count=4 boss_cell_in_attack_range_count=6 root_in_range_sprite_bounds_out_count=2 root_in_range_sprite_invisible_count=0 sprite_bounds_out_but_root_visible_overlap_count=2 dash_current_root_overlap_count=0 dash_current_visual_overlap_count=0 dash_allowed_candidate_count=0 dash_stale_bosscell_only_count=0 dash_off_lane_empty_count=0 dash_hit_allowed_candidate_count=0 dash_hit_current_visual_overlap_count=0 dash_hit_bosscell_only_count=0 dash_hit_previous_position_suspect_count=0 dash_hit_future_endcell_suspect_count=0 dash_hit_outside_active_lane_count=6 dash_hit_inside_active_damage_lane_count=0 dash_hit_inside_active_warning_lane_count=0
  rl_target_gate: rl_attack_allowed_normal_visible_count=18 rl_attack_allowed_root_visible_overlap_count=12 rl_attack_allowed_dash_current_overlap_count=1 rl_attack_blocked_hidden_target_count=10 rl_attack_blocked_stale_bosscell_count=0 rl_attack_blocked_off_lane_empty_count=0 external_attack_blocked_target_hidden_count=0 hidden_target_successful_hit_after_gate_count=0 root_visible_overlap_successful_hit_after_gate_count=2 dash_current_overlap_successful_hit_after_gate_count=0
  markatk_observation: markatk_real_spawn_count=0 markatk_fake_spawn_count=0 markatk_real_observed_count=0 markatk_fake_observed_count=0 markatk_real_visible_cell_count=0 markatk_fake_visible_cell_count=0 markatk_registry_active_count=0 markatk_registry_stale_count=0 markatk_visible_during_markdash_count=0 markatk_fake_used_by_danger_mask_count=0 markatk_fake_used_by_attack_mask_count=0 fake_marker_in_danger_mask_count=0
  sweep_history_observation: phase2_sweep_history_active_steps=625 previous_warning_2_nonzero_steps=275 previous_damage_1_nonzero_steps=60 recent_sweep_history_nonzero_steps=625 sweep_visible_history_stack_nonzero_steps=625 sweep_history_channel_nonzero_count=10043 sweep_history_channels_added_count=3 next_band_direct_observation_count=0 sweep_sequence_index_observation_count=0
  diagonal_blindspot_wiggle_diag: diagonal_blindspot_bosscell_steps=83 diagonal_blindspot_root_steps=83 diagonal_blindspot_visual_steps=67 diagonal_blindspot_attack_count=10 diagonal_blindspot_attack_hit_count=0 diagonal_blindspot_move_count=65 diagonal_blindspot_back_and_forth_count=5 diagonal_blindspot_axis_exit_count=28 diagonal_blindspot_kept_safe_count=117 diagonal_blindspot_then_player_hit_count=0 diagonal_blindspot_boss_melee_whiff_candidate_count=32 attack_after_diagonal_wiggle_count=0 axis_position_step_count=203 axis_position_player_hit_count=1 axis_position_boss_melee_hit_count=1 diagonal_blindspot_player_hit_count=1 diagonal_blindspot_boss_melee_hit_count=1 axis_vs_diagonal_hit_rate_delta=-0.007 player_in_boss_front_axis=85 player_in_boss_back_axis=49 player_in_boss_left_axis=33 player_in_boss_right_axis=20 player_in_boss_diagonal_blindspot=149
  action_histogram: wait=148 move_up=126 move_down=125 move_left=142 move_right=125 attack=14
  action_space: move_branch=518 attack_branch_intent=14 attack_applied=14 simultaneous_move_attack=11 simultaneous_move_attack_allowed=11 simultaneous_move_attack_blocked=0 simultaneous_move_attack_successful_hit=3 attack_while_moving=8 diagonal_blindspot_move_attack=8 dash_current_overlap_move_attack=0 safe_opp_attack_ratio=34.1 %
  attack_range: in_range_steps=64 atk_in_range=14 atk_out_range=0 avg_dist=2.21 first_atk_dist=3.00
  distance_position: avg_distance_to_boss=3.60 min_distance_to_boss=0 max_distance_to_boss=9 time_in_attack_range_steps=64 time_out_of_attack_range_steps=605 entered_attack_range_count=37 left_attack_range_count=37
  hazard: warn_steps=90 dmg_steps=4 atk_on_warn=0 atk_on_dmg=0 atk_on_recent_warn=0 atk_on_recent_dmg=0
  recent_danger: on_recent_warn_steps=96 on_recent_dmg_steps=6 recent_warn_cells_now=9 recent_dmg_cells_now=0
  warn_reentry: reentry=1 dmg_soon=1 hit_soon=1 hit_after_avoid=1
  opportunity: safe_opp_steps=41 safe_taken=14 safe_hit=0 safe_missed=14 in_range_no_attack=33 atk_out_of_range=0 atk_danger_nearby=4
  safe_opp_action: total=41 attack=14 wait=10 move=28 missed=27 attack_ratio=34.1 % wait_ratio=24.4 % move_ratio=68.3 % move_toward_boss=8 move_away_from_boss=9 move_lateral=11
  safe_opp_move_trace_summary: samples=5 total_moves=28 useful_escape=2 kept_attack_range=12 left_attack_range=16 away_without_danger=5 hit_within_2s=0 no_hit_no_damage=5 attack_would_have_been_allowed=28
  warning_on_player: spawn_count=31 safe_move_available=16 escape_success=28 escape_fail=2 hit=2 chosen_wait=4 chosen_attack=0 chosen_move=27 spawn_to_damage_frames_avg=36.0 decision_before_damage=2 no_decision_before_damage=0
  boss_facing_diag: facing_changed_warning_to_damage=0 hit_when_facing_changed=0 hit_by_original_warning_direction=2 hit_by_rotated_damage_direction=0 pattern_hit_unknown=2
  attack_allowed_action: allowed_steps=41 chosen_attack_when_allowed=14 missed_allowed_attack=27
  delayed_hit: safe_same_step=0 safe_0.3s=6 safe_0.5s=6 out_of_range_0.5s=0 unsafe_0.5s=0
  move_danger_mask: warn_when_safe=236 recent_warn_when_safe=79 dmg_when_safe=34 least_danger_opened=42 wait_masked=54 safe_avail_steps=627 chose_safe=270 chose_danger=24
  danger: nearby_steps=278 wait_while_danger=59 safe_move=104 danger_move=24 attack=4 move_into_warn=23 move_into_dmg=1 move_into_recent_warn=24 move_into_recent_dmg=1
  hit_analysis: hit_on_warn=1 hit_on_dmg=2 hit_on_recent_warn=2 hit_safe_move_avail=1 avoidable=1 hit_after_move_danger=2 warn_to_hit_avg_steps=6.0
  player: hits=2 first_hit_step=1405 first_hit_time=28.1s death_time=66.9s
  move: actions=518 success=294 wall_blocked=0 wall_ratio=0 % (U=0 D=0 L=0 R=0) wait_actions=151
[BossRLReset] queue_reload reload_count=7 time=93.997
[BossRLReset] before_load_scene reload_count=7 time=94.002 elapsed_since_queue=0.005s
Unloading 3 Unused Serialized files (Serialized files now loaded: 0)
UnloadTime: 0.484600 ms
[BossRLReset] after_scene_loaded reload_count=8 time=94.017
Unloading 17 unused Assets to reduce memory usage. Loaded Objects now: 4225.
Total: 2.459600 ms (FindLiveObjects: 0.176500 ms CreateObjectMapping: 0.083000 ms MarkObjects: 2.172400 ms  DeleteObjects: 0.027300 ms)

[BossRL] safe_opp_move_trace episode=2 step=5 action=MOVE_UP player_cell=(1, 2) boss_cell=(0, 1) dist_before=2 dist_after=3 remained_in_attack_range_after_move=False left_attack_range_after_move=True toward=False away=True lateral=False danger_nearby=True next_warn=False next_dmg=False next_recent_warn=False next_recent_dmg=False safe_move_alternatives=3 attack_allowed=True boss_hp_before=60
[BossRL] safe_opp_move_trace episode=2 step=12 action=MOVE_UP player_cell=(2, 2) boss_cell=(0, 1) dist_before=3 dist_after=4 remained_in_attack_range_after_move=False left_attack_range_after_move=True toward=False away=True lateral=False danger_nearby=False next_warn=False next_dmg=False next_recent_warn=False next_recent_dmg=False safe_move_alternatives=4 attack_allowed=True boss_hp_before=60
[BossRL] safe_opp_move_trace episode=2 step=18 action=MOVE_UP player_cell=(3, 2) boss_cell=(2, 1) dist_before=2 dist_after=2 remained_in_attack_range_after_move=False left_attack_range_after_move=True toward=False away=False lateral=True danger_nearby=False next_warn=False next_dmg=False next_recent_warn=False next_recent_dmg=False safe_move_alternatives=3 attack_allowed=True boss_hp_before=60
[BossRL] safe_opp_move_trace_result episode=2 step=5 boss_hp_before=60 boss_hp_after_0.5s=60 boss_damage_after_0.5s=0 hit_within_1s=False hit_within_2s=False useful_escape=True no_hit_no_damage=True
[BossRL] safe_opp_move_trace episode=2 step=29 action=MOVE_UP player_cell=(2, 2) boss_cell=(3, 1) dist_before=2 dist_after=2 remained_in_attack_range_after_move=False left_attack_range_after_move=True toward=False away=False lateral=True danger_nearby=True next_warn=False next_dmg=False next_recent_warn=False next_recent_dmg=False safe_move_alternatives=3 attack_allowed=True boss_hp_before=60
[BossRL] safe_opp_move_trace_result episode=2 step=12 boss_hp_before=60 boss_hp_after_0.5s=60 boss_damage_after_0.5s=0 hit_within_1s=False hit_within_2s=False useful_escape=False no_hit_no_damage=True
[BossRL] target_alignment_hit episode=2 step=173 hit_class=root_visible_overlap time=406.900 player_cell=(2,2) player_facing=(0,-1) attack_cells=[1,1;2,1;3,1;1,0;2,0;3,0] boss_cell=(2,1) bosscell_in_attack=True sprite_visible=True visual_root_active_self=True visual_root_active_hierarchy=True sprite_renderer_enabled=True sprite_alpha=1.000 sprite_object=BossSprite boss_visual_pos=(2.33, 1.90, 0.00) visual_cell=(2,2) visual_cell_in_attack=False sprite_bounds_cell=(2,2) sprite_bounds_cell_in_attack=False boss_health_pos=(2.33, 1.00, 0.00) boss_root_pos=(2.33, 1.00, 0.00) renderer_bounds_center=(2.33, 1.90, 0.00) root_cell=(2,1) root_cell_in_attack=True grid_occupant_cell=(0,1) hidden=False dashing=False markdash=False dash_start=(0,0) dash_end=(0,0) dash_current=(0,0) dash_current_in_attack=False dash_line_overlap_attack=False active_damage_overlap_attack=False active_warning_overlap_attack=False attack_cells_overlap_any_active_lane=False boss_hp_before=60 boss_hp_after=59 damage=1
[BossRL] safe_opp_move_trace_result episode=2 step=18 boss_hp_before=60 boss_hp_after_0.5s=60 boss_damage_after_0.5s=0 hit_within_1s=False hit_within_2s=False useful_escape=False no_hit_no_damage=True
[BossRL] safe_opp_move_trace_result episode=2 step=29 boss_hp_before=60 boss_hp_after_0.5s=60 boss_damage_after_0.5s=0 hit_within_1s=False hit_within_2s=False useful_escape=True no_hit_no_damage=True
[BossRL] safe_opp_move_trace episode=2 step=63 action=MOVE_LEFT player_cell=(-1, 3) boss_cell=(-2, 2) dist_before=2 dist_after=1 remained_in_attack_range_after_move=False left_attack_range_after_move=True toward=True away=False lateral=False danger_nearby=False next_warn=False next_dmg=False next_recent_warn=False next_recent_dmg=False safe_move_alternatives=3 attack_allowed=True boss_hp_before=59
[BossRL] safe_opp_move_trace_result episode=2 step=63 boss_hp_before=59 boss_hp_after_0.5s=59 boss_damage_after_0.5s=0 hit_within_1s=False hit_within_2s=True useful_escape=False no_hit_no_damage=False
[BossRL] target_alignment_hit episode=2 step=1198 hit_class=root_visible_overlap time=427.400 player_cell=(2,2) player_facing=(0,-1) attack_cells=[1,1;2,1;3,1;1,0;2,0;3,0] boss_cell=(1,1) bosscell_in_attack=True sprite_visible=True visual_root_active_self=True visual_root_active_hierarchy=True sprite_renderer_enabled=True sprite_alpha=1.000 sprite_object=BossSprite boss_visual_pos=(0.67, 1.90, 0.00) visual_cell=(1,2) visual_cell_in_attack=False sprite_bounds_cell=(1,2) sprite_bounds_cell_in_attack=False boss_health_pos=(0.67, 1.00, 0.00) boss_root_pos=(0.67, 1.00, 0.00) renderer_bounds_center=(0.67, 1.90, 0.00) root_cell=(1,1) root_cell_in_attack=True grid_occupant_cell=(0,1) hidden=False dashing=False markdash=False dash_start=(3,-2) dash_end=(-3,-2) dash_current=(-3,-2) dash_current_in_attack=False dash_line_overlap_attack=False active_damage_overlap_attack=False active_warning_overlap_attack=False attack_cells_overlap_any_active_lane=False boss_hp_before=59 boss_hp_after=58 damage=1
[BossRL] target_alignment_hit episode=2 step=1368 hit_class=root_visible_overlap time=430.800 player_cell=(2,3) player_facing=(0,-1) attack_cells=[1,2;2,2;3,2;1,1;2,1;3,1] boss_cell=(1,2) bosscell_in_attack=True sprite_visible=True visual_root_active_self=True visual_root_active_hierarchy=True sprite_renderer_enabled=True sprite_alpha=1.000 sprite_object=BossSprite boss_visual_pos=(1.33, 2.90, 0.00) visual_cell=(1,3) visual_cell_in_attack=False sprite_bounds_cell=(1,3) sprite_bounds_cell_in_attack=False boss_health_pos=(1.33, 2.00, 0.00) boss_root_pos=(1.33, 2.00, 0.00) renderer_bounds_center=(1.33, 2.90, 0.00) root_cell=(1,2) root_cell_in_attack=True grid_occupant_cell=(0,1) hidden=False dashing=False markdash=False dash_start=(3,-2) dash_end=(-3,-2) dash_current=(-3,-2) dash_current_in_attack=False dash_line_overlap_attack=False active_damage_overlap_attack=False active_warning_overlap_attack=False attack_cells_overlap_any_active_lane=False boss_hp_before=58 boss_hp_after=57 damage=1
[BossRL] target_alignment_hit episode=2 step=1563 hit_class=root_visible_overlap time=434.700 player_cell=(0,3) player_facing=(0,-1) attack_cells=[-1,2;0,2;1,2;-1,1;0,1;1,1] boss_cell=(1,2) bosscell_in_attack=True sprite_visible=True visual_root_active_self=True visual_root_active_hierarchy=True sprite_renderer_enabled=True sprite_alpha=1.000 sprite_object=BossSprite boss_visual_pos=(1.00, 3.30, 0.00) visual_cell=(1,3) visual_cell_in_attack=False sprite_bounds_cell=(1,3) sprite_bounds_cell_in_attack=False boss_health_pos=(1.00, 2.00, 0.00) boss_root_pos=(1.00, 2.00, 0.00) renderer_bounds_center=(1.00, 3.30, 0.00) root_cell=(1,2) root_cell_in_attack=True grid_occupant_cell=(0,1) hidden=False dashing=False markdash=False dash_start=(3,-2) dash_end=(-3,-2) dash_current=(-3,-2) dash_current_in_attack=False dash_line_overlap_attack=False active_damage_overlap_attack=False active_warning_overlap_attack=False attack_cells_overlap_any_active_lane=False boss_hp_before=57 boss_hp_after=56 damage=1
[BossRL] terminal_reward reason=player_dead value=-8.000
[BossRL] EPISODE_END reason=player_dead steps=1816 survival=36.3s survived10s=True survived20s=True
  reward: total=-19.776 boss=0.400 hit=-4.000 death=-8.000 warn_tile=-5.100 dmg_tile=-0.800 wall=0.000 approach=0.000 missed_atk=0.000 cooldown_atk=0.000 moved_into_danger=-2.200 safe_atk=0.320 missed_safe_opp=-0.033
  boss: hp_start=60 hp_left=56 dmg_dealt=4 dmg_before_first_hit=1
  move_mask: wall(geometry)=205 warn=109(should=0) dmg=17 recent_warn=50(should=0) recent_dmg=0(should=0) due_to_busy=0(must=0) allowed=1071 dangerous_attempts=176
  move_escape: wait_only_states=0 geo=0 dmg=0 busy=0(must=0) boss_cell=0(must=0) escape_forced_open=0 boss_cell_blocked=0(must=0) boss_cell_allowed=46 busy_at_mask=155 wait_actions=87
  attack_mask: total_masked=342 allowed(safe_in_range)=21 survival_stage=0 not_ready=50 out_of_range=282 on_warn=6 on_dmg=1 on_recent_warn=0 on_recent_dmg=0
  attack_quality: actions=10 hits=4 missed=0 cooldown=0 hit_rate=40.0 % dmg_per_atk=0.400
  target_alignment: logs=4 boss_sprite_visible_hit_count=4 boss_sprite_invisible_hit_count=0 boss_sprite_off_but_bosscell_hit_count=0 boss_visual_root_inactive_hit_count=0 boss_renderer_disabled_hit_count=0 boss_alpha_zero_hit_count=0 bosscell_in_attack_range_but_sprite_not_visible_count=0 bosscell_in_attack_range_but_sprite_cell_out_of_range_count=4 sprite_visible_cell_in_attack_range_count=0 sprite_visible_cell_out_of_attack_range_count=4 hidden_boss_attack_reward_count=0
  dash_target_alignment: hit_class_normal_visible_count=0 hit_class_root_visible_overlap_count=4 hit_class_dash_current_overlap_count=0 hit_class_stale_bosscell_count=0 hit_class_hidden_target_count=0 hit_class_off_lane_empty_count=0 hit_class_unknown_remaining_count=0 root_cell_in_attack_range_count=4 sprite_bounds_cell_in_attack_range_count=0 boss_cell_in_attack_range_count=4 root_in_range_sprite_bounds_out_count=4 root_in_range_sprite_invisible_count=0 sprite_bounds_out_but_root_visible_overlap_count=4 dash_current_root_overlap_count=0 dash_current_visual_overlap_count=0 dash_allowed_candidate_count=0 dash_stale_bosscell_only_count=0 dash_off_lane_empty_count=0 dash_hit_allowed_candidate_count=0 dash_hit_current_visual_overlap_count=0 dash_hit_bosscell_only_count=0 dash_hit_previous_position_suspect_count=0 dash_hit_future_endcell_suspect_count=0 dash_hit_outside_active_lane_count=4 dash_hit_inside_active_damage_lane_count=0 dash_hit_inside_active_warning_lane_count=0
  rl_target_gate: rl_attack_allowed_normal_visible_count=9 rl_attack_allowed_root_visible_overlap_count=12 rl_attack_allowed_dash_current_overlap_count=0 rl_attack_blocked_hidden_target_count=3 rl_attack_blocked_stale_bosscell_count=0 rl_attack_blocked_off_lane_empty_count=0 external_attack_blocked_target_hidden_count=0 hidden_target_successful_hit_after_gate_count=0 root_visible_overlap_successful_hit_after_gate_count=4 dash_current_overlap_successful_hit_after_gate_count=0
  markatk_observation: markatk_real_spawn_count=0 markatk_fake_spawn_count=0 markatk_real_observed_count=0 markatk_fake_observed_count=0 markatk_real_visible_cell_count=0 markatk_fake_visible_cell_count=0 markatk_registry_active_count=0 markatk_registry_stale_count=0 markatk_visible_during_markdash_count=0 markatk_fake_used_by_danger_mask_count=0 markatk_fake_used_by_attack_mask_count=0 fake_marker_in_danger_mask_count=0
  sweep_history_observation: phase2_sweep_history_active_steps=341 previous_warning_2_nonzero_steps=148 previous_damage_1_nonzero_steps=32 recent_sweep_history_nonzero_steps=341 sweep_visible_history_stack_nonzero_steps=341 sweep_history_channel_nonzero_count=5147 sweep_history_channels_added_count=3 next_band_direct_observation_count=0 sweep_sequence_index_observation_count=0
  diagonal_blindspot_wiggle_diag: diagonal_blindspot_bosscell_steps=52 diagonal_blindspot_root_steps=52 diagonal_blindspot_visual_steps=43 diagonal_blindspot_attack_count=6 diagonal_blindspot_attack_hit_count=0 diagonal_blindspot_move_count=45 diagonal_blindspot_back_and_forth_count=6 diagonal_blindspot_axis_exit_count=17 diagonal_blindspot_kept_safe_count=75 diagonal_blindspot_then_player_hit_count=0 diagonal_blindspot_boss_melee_whiff_candidate_count=15 attack_after_diagonal_wiggle_count=0 axis_position_step_count=131 axis_position_player_hit_count=1 axis_position_boss_melee_hit_count=1 diagonal_blindspot_player_hit_count=0 diagonal_blindspot_boss_melee_hit_count=0 axis_vs_diagonal_hit_rate_delta=0.008 player_in_boss_front_axis=27 player_in_boss_back_axis=16 player_in_boss_left_axis=39 player_in_boss_right_axis=34 player_in_boss_diagonal_blindspot=95
  action_histogram: wait=84 move_up=67 move_down=67 move_left=74 move_right=68 attack=10
  action_space: move_branch=276 attack_branch_intent=10 attack_applied=10 simultaneous_move_attack=7 simultaneous_move_attack_allowed=7 simultaneous_move_attack_blocked=0 simultaneous_move_attack_successful_hit=1 attack_while_moving=4 diagonal_blindspot_move_attack=4 dash_current_overlap_move_attack=0 safe_opp_attack_ratio=41.7 %
  attack_range: in_range_steps=43 atk_in_range=10 atk_out_range=0 avg_dist=1.90 first_atk_dist=2.00
  distance_position: avg_distance_to_boss=3.09 min_distance_to_boss=0 max_distance_to_boss=9 time_in_attack_range_steps=43 time_out_of_attack_range_steps=320 entered_attack_range_count=27 left_attack_range_count=27
  hazard: warn_steps=51 dmg_steps=4 atk_on_warn=0 atk_on_dmg=0 atk_on_recent_warn=0 atk_on_recent_dmg=0
  recent_danger: on_recent_warn_steps=59 on_recent_dmg_steps=8 recent_warn_cells_now=14 recent_dmg_cells_now=0
  warn_reentry: reentry=1 dmg_soon=1 hit_soon=1 hit_after_avoid=1
  opportunity: safe_opp_steps=24 safe_taken=10 safe_hit=0 safe_missed=10 in_range_no_attack=21 atk_out_of_range=0 atk_danger_nearby=3
  safe_opp_action: total=24 attack=10 wait=3 move=18 missed=14 attack_ratio=41.7 % wait_ratio=12.5 % move_ratio=75.0 % move_toward_boss=3 move_away_from_boss=3 move_lateral=12
  safe_opp_move_trace_summary: samples=5 total_moves=18 useful_escape=2 kept_attack_range=3 left_attack_range=15 away_without_danger=2 hit_within_2s=1 no_hit_no_damage=4 attack_would_have_been_allowed=18
  warning_on_player: spawn_count=13 safe_move_available=5 escape_success=10 escape_fail=2 hit=2 chosen_wait=2 chosen_attack=0 chosen_move=11 spawn_to_damage_frames_avg=36.0 decision_before_damage=2 no_decision_before_damage=0
  boss_facing_diag: facing_changed_warning_to_damage=0 hit_when_facing_changed=0 hit_by_original_warning_direction=2 hit_by_rotated_damage_direction=0 pattern_hit_unknown=2
  attack_allowed_action: allowed_steps=24 chosen_attack_when_allowed=10 missed_allowed_attack=14
  delayed_hit: safe_same_step=0 safe_0.3s=4 safe_0.5s=4 out_of_range_0.5s=0 unsafe_0.5s=0
  move_danger_mask: warn_when_safe=109 recent_warn_when_safe=50 dmg_when_safe=17 least_danger_opened=37 wait_masked=22 safe_avail_steps=326 chose_safe=137 chose_danger=18
  danger: nearby_steps=172 wait_while_danger=47 safe_move=57 danger_move=18 attack=3 move_into_warn=16 move_into_dmg=2 move_into_recent_warn=18 move_into_recent_dmg=3
  hit_analysis: hit_on_warn=1 hit_on_dmg=2 hit_on_recent_warn=2 hit_safe_move_avail=0 avoidable=0 hit_after_move_danger=1 warn_to_hit_avg_steps=6.0
  player: hits=2 first_hit_step=383 first_hit_time=7.6s death_time=36.3s
  move: actions=276 success=155 wall_blocked=0 wall_ratio=0 % (U=0 D=0 L=0 R=0) wait_actions=87
[BossRLReset] queue_reload reload_count=8 time=101.661
[BossRLReset] before_load_scene reload_count=8 time=101.669 elapsed_since_queue=0.009s
Unloading 3 Unused Serialized files (Serialized files now loaded: 0)
UnloadTime: 0.642600 ms
[BossRLReset] after_scene_loaded reload_count=9 time=101.675
Unloading 15 unused Assets to reduce memory usage. Loaded Objects now: 4225.
Total: 2.321600 ms (FindLiveObjects: 0.174700 ms CreateObjectMapping: 0.079400 ms MarkObjects: 2.045300 ms  DeleteObjects: 0.022000 ms)

[BossRL] safe_opp_move_trace episode=2 step=6 action=MOVE_DOWN player_cell=(0, 3) boss_cell=(0, 1) dist_before=2 dist_after=1 remained_in_attack_range_after_move=True left_attack_range_after_move=False toward=True away=False lateral=False danger_nearby=False next_warn=False next_dmg=False next_recent_warn=False next_recent_dmg=False safe_move_alternatives=3 attack_allowed=True boss_hp_before=60
[BossRL] target_alignment_hit episode=2 step=30 hit_class=root_visible_overlap time=440.400 player_cell=(0,2) player_facing=(0,-1) attack_cells=[-1,1;0,1;1,1;-1,0;0,0;1,0] boss_cell=(0,1) bosscell_in_attack=True sprite_visible=True visual_root_active_self=True visual_root_active_hierarchy=True sprite_renderer_enabled=True sprite_alpha=1.000 sprite_object=BossSprite boss_visual_pos=(0.00, 2.30, 0.00) visual_cell=(0,2) visual_cell_in_attack=False sprite_bounds_cell=(0,2) sprite_bounds_cell_in_attack=False boss_health_pos=(0.00, 1.00, 0.00) boss_root_pos=(0.00, 1.00, 0.00) renderer_bounds_center=(0.00, 2.30, 0.00) root_cell=(0,1) root_cell_in_attack=True grid_occupant_cell=(0,1) hidden=False dashing=False markdash=False dash_start=(0,0) dash_end=(0,0) dash_current=(0,0) dash_current_in_attack=False dash_line_overlap_attack=False active_damage_overlap_attack=True active_warning_overlap_attack=True attack_cells_overlap_any_active_lane=True boss_hp_before=60 boss_hp_after=59 damage=1
[BossRL] step=50 r=-0.001 onWarn=False onDmg=False act=2(atk=False) inRange=False move=WillMove wallRatio=0 % warnReentry=0
[BossRL] safe_opp_move_trace episode=2 step=19 action=MOVE_RIGHT player_cell=(2, 2) boss_cell=(0, 1) dist_before=3 dist_after=3 remained_in_attack_range_after_move=False left_attack_range_after_move=True toward=False away=False lateral=True danger_nearby=True next_warn=False next_dmg=False next_recent_warn=False next_recent_dmg=False safe_move_alternatives=3 attack_allowed=True boss_hp_before=59
[BossRL] step=100 r=-0.001 onWarn=False onDmg=False act=1(atk=False) inRange=False move=WillMove wallRatio=0 % warnReentry=0
[BossRL] safe_opp_move_trace_result episode=2 step=6 boss_hp_before=60 boss_hp_after_0.5s=59 boss_damage_after_0.5s=1 hit_within_1s=False hit_within_2s=False useful_escape=False no_hit_no_damage=False
[BossRL] step=150 r=-0.001 onWarn=False onDmg=False act=4(atk=False) inRange=True move=Busy wallRatio=0 % warnReentry=0
[BossRL] safe_opp_move_trace episode=2 step=30 action=MOVE_RIGHT player_cell=(2, 3) boss_cell=(1, 2) dist_before=2 dist_after=2 remained_in_attack_range_after_move=False left_attack_range_after_move=True toward=False away=False lateral=True danger_nearby=False next_warn=False next_dmg=False next_recent_warn=False next_recent_dmg=False safe_move_alternatives=3 attack_allowed=True boss_hp_before=59
[BossRL] safe_opp_move_trace episode=2 step=38 action=MOVE_DOWN player_cell=(3, 3) boss_cell=(2, 2) dist_before=2 dist_after=1 remained_in_attack_range_after_move=False left_attack_range_after_move=True toward=True away=False lateral=False danger_nearby=False next_warn=False next_dmg=False next_recent_warn=False next_recent_dmg=False safe_move_alternatives=2 attack_allowed=True boss_hp_before=59
[BossRL] safe_opp_move_trace_result episode=2 step=19 boss_hp_before=59 boss_hp_after_0.5s=59 boss_damage_after_0.5s=0 hit_within_1s=False hit_within_2s=False useful_escape=True no_hit_no_damage=True
[BossRL] step=200 r=-0.201 onWarn=True onDmg=False act=3(atk=False) inRange=False move=WillMove wallRatio=0 % warnReentry=0
[BossRL] safe_opp_move_trace episode=2 step=47 action=MOVE_LEFT player_cell=(1, 3) boss_cell=(2, 2) dist_before=2 dist_after=3 remained_in_attack_range_after_move=False left_attack_range_after_move=True toward=False away=True lateral=False danger_nearby=True next_warn=False next_dmg=False next_recent_warn=False next_recent_dmg=False safe_move_alternatives=2 attack_allowed=True boss_hp_before=59
[BossRL] target_alignment_hit episode=2 step=245 hit_class=normal_visible time=444.700 player_cell=(1,3) player_facing=(1,0) attack_cells=[2,2;2,3;2,4;3,2;3,3;3,4] boss_cell=(2,2) bosscell_in_attack=True sprite_visible=True visual_root_active_self=True visual_root_active_hierarchy=True sprite_renderer_enabled=True sprite_alpha=1.000 sprite_object=BossSprite boss_visual_pos=(2.00, 3.30, 0.00) visual_cell=(2,3) visual_cell_in_attack=True sprite_bounds_cell=(2,3) sprite_bounds_cell_in_attack=True boss_health_pos=(2.00, 2.00, 0.00) boss_root_pos=(2.00, 2.00, 0.00) renderer_bounds_center=(2.00, 3.30, 0.00) root_cell=(2,2) root_cell_in_attack=True grid_occupant_cell=(0,1) hidden=False dashing=False markdash=False dash_start=(0,0) dash_end=(0,0) dash_current=(0,0) dash_current_in_attack=False dash_line_overlap_attack=False active_damage_overlap_attack=False active_warning_overlap_attack=False attack_cells_overlap_any_active_lane=False boss_hp_before=59 boss_hp_after=58 damage=1
[BossRL] step=250 r=0.179 onWarn=False onDmg=False act=2(atk=False) inRange=True move=Busy wallRatio=0 % warnReentry=0
[BossRL] safe_opp_move_trace_result episode=2 step=30 boss_hp_before=59 boss_hp_after_0.5s=59 boss_damage_after_0.5s=0 hit_within_1s=False hit_within_2s=False useful_escape=False no_hit_no_damage=True
[BossRL] safe_opp_move_trace_result episode=2 step=38 boss_hp_before=59 boss_hp_after_0.5s=59 boss_damage_after_0.5s=0 hit_within_1s=False hit_within_2s=False useful_escape=False no_hit_no_damage=True
[BossRL] step=300 r=-0.101 onWarn=True onDmg=False act=2(atk=False) inRange=False move=Busy wallRatio=0 % warnReentry=0
[BossRL] safe_opp_move_trace_result episode=2 step=47 boss_hp_before=59 boss_hp_after_0.5s=58 boss_damage_after_0.5s=1 hit_within_1s=False hit_within_2s=False useful_escape=True no_hit_no_damage=False
[BossRL] step=350 r=-0.001 onWarn=False onDmg=False act=0(atk=False) inRange=False move=None wallRatio=0 % warnReentry=0
[BossRL] target_alignment_hit episode=2 step=365 hit_class=normal_visible time=447.100 player_cell=(0,1) player_facing=(0,1) attack_cells=[1,2;0,2;-1,2;1,3;0,3;-1,3] boss_cell=(0,2) bosscell_in_attack=True sprite_visible=True visual_root_active_self=True visual_root_active_hierarchy=True sprite_renderer_enabled=True sprite_alpha=1.000 sprite_object=BossSprite boss_visual_pos=(0.28, 2.90, 0.00) visual_cell=(0,3) visual_cell_in_attack=True sprite_bounds_cell=(0,3) sprite_bounds_cell_in_attack=True boss_health_pos=(0.28, 2.00, 0.00) boss_root_pos=(0.28, 2.00, 0.00) renderer_bounds_center=(0.28, 2.90, 0.00) root_cell=(0,2) root_cell_in_attack=True grid_occupant_cell=(0,1) hidden=False dashing=False markdash=False dash_start=(0,0) dash_end=(0,0) dash_current=(0,0) dash_current_in_attack=False dash_line_overlap_attack=False active_damage_overlap_attack=False active_warning_overlap_attack=False attack_cells_overlap_any_active_lane=False boss_hp_before=58 boss_hp_after=57 damage=1
[BossRL] step=400 r=-0.001 onWarn=False onDmg=False act=3(atk=False) inRange=False move=Busy wallRatio=0 % warnReentry=0
[BossRL] step=450 r=-0.001 onWarn=False onDmg=False act=4(atk=False) inRange=False move=Busy wallRatio=0 % warnReentry=0
[BossRL] step=500 r=-0.001 onWarn=False onDmg=False act=2(atk=False) inRange=False move=Busy wallRatio=0 % warnReentry=0
[BossRL] step=550 r=-0.001 onWarn=False onDmg=False act=0(atk=False) inRange=False move=None wallRatio=0 % warnReentry=0
[BossRL] step=600 r=-0.001 onWarn=False onDmg=False act=1(atk=False) inRange=False move=WillMove wallRatio=0 % warnReentry=0
[BossRL] step=650 r=-0.001 onWarn=False onDmg=False act=3(atk=False) inRange=False move=Busy wallRatio=0 % warnReentry=0
[BossRL] step=700 r=-0.001 onWarn=False onDmg=False act=2(atk=False) inRange=False move=WillMove wallRatio=0 % warnReentry=0
[BossRL] step=750 r=-0.001 onWarn=False onDmg=False act=2(atk=False) inRange=False move=Busy wallRatio=0 % warnReentry=0
[BossRL] step=800 r=-0.001 onWarn=False onDmg=False act=0(atk=False) inRange=False move=None wallRatio=0 % warnReentry=0
[BossRL] step=850 r=-0.001 onWarn=False onDmg=False act=1(atk=False) inRange=False move=WillMove wallRatio=0 % warnReentry=0
[BossRL] step=900 r=-0.101 onWarn=True onDmg=False act=2(atk=False) inRange=False move=Busy wallRatio=0 % warnReentry=0
[BossRL] step=950 r=-0.001 onWarn=False onDmg=False act=4(atk=False) inRange=False move=WillMove wallRatio=0 % warnReentry=0
[BossRL] step=1000 r=-0.001 onWarn=False onDmg=False act=0(atk=False) inRange=False move=None wallRatio=0 % warnReentry=0
[BossRL] step=1050 r=-0.001 onWarn=False onDmg=False act=2(atk=False) inRange=False move=WillMove wallRatio=0 % warnReentry=0
[BossRL] step=1100 r=-0.001 onWarn=False onDmg=False act=4(atk=False) inRange=False move=Busy wallRatio=0 % warnReentry=0
[BossRL] step=1150 r=-0.201 onWarn=True onDmg=False act=2(atk=False) inRange=False move=WillMove wallRatio=0 % warnReentry=0
[BossRL] step=1200 r=-0.001 onWarn=False onDmg=False act=2(atk=False) inRange=False move=Busy wallRatio=0 % warnReentry=0
[BossRL] step=1250 r=-0.001 onWarn=False onDmg=False act=1(atk=False) inRange=False move=WillMove wallRatio=0 % warnReentry=0
[BossRL] step=1300 r=-0.001 onWarn=False onDmg=False act=4(atk=False) inRange=False move=WillMove wallRatio=0 % warnReentry=0
[BossRL] step=1350 r=-0.001 onWarn=False onDmg=False act=4(atk=False) inRange=False move=WillMove wallRatio=0 % warnReentry=0
[BossRL] step=1400 r=-0.201 onWarn=True onDmg=False act=3(atk=False) inRange=False move=WillMove wallRatio=0 % warnReentry=0
[BossRL] step=1450 r=-0.001 onWarn=False onDmg=False act=1(atk=False) inRange=False move=Busy wallRatio=0 % warnReentry=0
[BossRL] step=1500 r=-0.001 onWarn=False onDmg=False act=4(atk=False) inRange=False move=WillMove wallRatio=0 % warnReentry=0
[BossRL] step=1550 r=-0.001 onWarn=False onDmg=False act=3(atk=True) inRange=True move=WillMove wallRatio=0 % warnReentry=0
[BossRL] step=1600 r=-0.001 onWarn=False onDmg=False act=1(atk=False) inRange=False move=WillMove wallRatio=0 % warnReentry=0
[BossRL] target_alignment_hit episode=2 step=1615 hit_class=normal_visible time=472.100 player_cell=(-2,-1) player_facing=(1,0) attack_cells=[-1,-2;-1,-1;-1,0;0,-2;0,-1;0,0] boss_cell=(-1,-2) bosscell_in_attack=True sprite_visible=True visual_root_active_self=True visual_root_active_hierarchy=True sprite_renderer_enabled=True sprite_alpha=1.000 sprite_object=BossSprite boss_visual_pos=(-1.00, -0.70, 0.00) visual_cell=(-1,-1) visual_cell_in_attack=True sprite_bounds_cell=(-1,-1) sprite_bounds_cell_in_attack=True boss_health_pos=(-1.00, -2.00, 0.00) boss_root_pos=(-1.00, -2.00, 0.00) renderer_bounds_center=(-1.00, -0.70, 0.00) root_cell=(-1,-2) root_cell_in_attack=True grid_occupant_cell=(0,1) hidden=False dashing=False markdash=False dash_start=(3,-2) dash_end=(-3,-2) dash_current=(-3,-2) dash_current_in_attack=False dash_line_overlap_attack=False active_damage_overlap_attack=False active_warning_overlap_attack=False attack_cells_overlap_any_active_lane=False boss_hp_before=57 boss_hp_after=56 damage=1
[BossRL] step=1650 r=-0.101 onWarn=True onDmg=False act=4(atk=False) inRange=False move=WillMove wallRatio=0 % warnReentry=0
[BossRL] step=1700 r=-0.001 onWarn=False onDmg=False act=1(atk=False) inRange=False move=WillMove wallRatio=0 % warnReentry=0
[BossRL] step=1750 r=-0.001 onWarn=False onDmg=False act=2(atk=False) inRange=False move=WillMove wallRatio=0 % warnReentry=0
[BossRL] step=1800 r=-0.001 onWarn=False onDmg=False act=4(atk=False) inRange=False move=WillMove wallRatio=0 % warnReentry=0
[BossRL] step=1850 r=-0.001 onWarn=False onDmg=False act=3(atk=False) inRange=False move=Busy wallRatio=0 % warnReentry=0
[BossRL] step=1900 r=-0.001 onWarn=False onDmg=False act=1(atk=False) inRange=False move=Busy wallRatio=0 % warnReentry=0
[BossRL] step=1950 r=-0.101 onWarn=True onDmg=False act=0(atk=False) inRange=False move=None wallRatio=0 % warnReentry=0
[BossRL] step=2000 r=-0.001 onWarn=False onDmg=False act=0(atk=False) inRange=False move=None wallRatio=0 % warnReentry=0
[BossRL] step=2050 r=-0.001 onWarn=False onDmg=False act=4(atk=False) inRange=False move=WillMove wallRatio=0 % warnReentry=0
[BossRL] target_alignment_hit episode=2 step=2075 hit_class=dash_current_overlap time=481.300 player_cell=(1,2) player_facing=(0,-1) attack_cells=[0,1;1,1;2,1;0,0;1,0;2,0] boss_cell=(2,1) bosscell_in_attack=True sprite_visible=True visual_root_active_self=True visual_root_active_hierarchy=True sprite_renderer_enabled=True sprite_alpha=1.000 sprite_object=BossSprite boss_visual_pos=(2.00, 2.16, 0.00) visual_cell=(2,2) visual_cell_in_attack=False sprite_bounds_cell=(2,2) sprite_bounds_cell_in_attack=False boss_health_pos=(2.00, 0.86, 0.00) boss_root_pos=(2.00, 0.86, 0.00) renderer_bounds_center=(2.00, 2.16, 0.00) root_cell=(2,1) root_cell_in_attack=True grid_occupant_cell=(0,1) hidden=False dashing=True markdash=False dash_start=(2,3) dash_end=(2,-3) dash_current=(2,1) dash_current_in_attack=True dash_line_overlap_attack=True active_damage_overlap_attack=True active_warning_overlap_attack=False attack_cells_overlap_any_active_lane=True boss_hp_before=56 boss_hp_after=55 damage=1
[BossRL] step=2100 r=-0.101 onWarn=True onDmg=False act=0(atk=False) inRange=False move=None wallRatio=0 % warnReentry=0
[BossRL] step=2150 r=-0.001 onWarn=False onDmg=False act=0(atk=False) inRange=False move=None wallRatio=0 % warnReentry=0
[BossRL] step=2200 r=-0.001 onWarn=False onDmg=False act=1(atk=False) inRange=False move=Busy wallRatio=0 % warnReentry=0
[BossRL] step=2250 r=-0.101 onWarn=True onDmg=False act=4(atk=False) inRange=False move=Busy wallRatio=0 % warnReentry=0
[BossRL] step=2300 r=-0.001 onWarn=False onDmg=False act=2(atk=False) inRange=False move=Busy wallRatio=0 % warnReentry=0
[BossRL] step=2350 r=-0.001 onWarn=False onDmg=False act=2(atk=False) inRange=False move=Busy wallRatio=0 % warnReentry=0
[BossRL] step=2400 r=-0.001 onWarn=False onDmg=False act=4(atk=False) inRange=False move=WillMove wallRatio=0 % warnReentry=0
[BossRL] step=2450 r=-0.001 onWarn=False onDmg=False act=4(atk=False) inRange=False move=WillMove wallRatio=0 % warnReentry=0
[BossRL] step=2500 r=-0.001 onWarn=False onDmg=False act=3(atk=False) inRange=False move=Busy wallRatio=0 % warnReentry=0
[BossRL] step=2550 r=-0.001 onWarn=False onDmg=False act=0(atk=False) inRange=False move=None wallRatio=0 % warnReentry=0
[BossRL] step=2600 r=-0.001 onWarn=False onDmg=False act=2(atk=False) inRange=False move=WillMove wallRatio=0 % warnReentry=0
[BossRL] step=2650 r=-0.001 onWarn=False onDmg=False act=2(atk=False) inRange=False move=Busy wallRatio=0 % warnReentry=0
[BossRL] step=2700 r=-0.001 onWarn=False onDmg=False act=1(atk=False) inRange=False move=Busy wallRatio=0 % warnReentry=0
[BossRL] step=2750 r=-0.001 onWarn=False onDmg=False act=2(atk=False) inRange=False move=WillMove wallRatio=0 % warnReentry=0
[BossRL] step=2800 r=-0.001 onWarn=False onDmg=False act=2(atk=False) inRange=False move=Busy wallRatio=0 % warnReentry=0
[BossRL] terminal_reward reason=player_dead value=-8.000
[BossRL] EPISODE_END reason=player_dead steps=2849 survival=56.9s survived10s=True survived20s=True
  reward: total=-21.799 boss=0.500 hit=-4.000 death=-8.000 warn_tile=-7.300 dmg_tile=-0.800 wall=0.000 approach=0.000 missed_atk=0.000 cooldown_atk=0.000 moved_into_danger=-2.000 safe_atk=0.400 missed_safe_opp=-0.030
  boss: hp_start=60 hp_left=55 dmg_dealt=5 dmg_before_first_hit=3
  move_mask: wall(geometry)=292 warn=171(should=0) dmg=29 recent_warn=87(should=0) recent_dmg=0(should=0) due_to_busy=0(must=0) allowed=1697 dangerous_attempts=287
  move_escape: wait_only_states=0 geo=0 dmg=0 busy=0(must=0) boss_cell=0(must=0) escape_forced_open=0 boss_cell_blocked=0(must=0) boss_cell_allowed=70 busy_at_mask=251 wait_actions=125
  attack_mask: total_masked=538 allowed(safe_in_range)=31 survival_stage=0 not_ready=85 out_of_range=445 on_warn=1 on_dmg=0 on_recent_warn=0 on_recent_dmg=0
  attack_quality: actions=17 hits=5 missed=0 cooldown=0 hit_rate=29.4 % dmg_per_atk=0.294
  target_alignment: logs=5 boss_sprite_visible_hit_count=5 boss_sprite_invisible_hit_count=0 boss_sprite_off_but_bosscell_hit_count=0 boss_visual_root_inactive_hit_count=0 boss_renderer_disabled_hit_count=0 boss_alpha_zero_hit_count=0 bosscell_in_attack_range_but_sprite_not_visible_count=0 bosscell_in_attack_range_but_sprite_cell_out_of_range_count=2 sprite_visible_cell_in_attack_range_count=3 sprite_visible_cell_out_of_attack_range_count=2 hidden_boss_attack_reward_count=0
  dash_target_alignment: hit_class_normal_visible_count=3 hit_class_root_visible_overlap_count=1 hit_class_dash_current_overlap_count=1 hit_class_stale_bosscell_count=0 hit_class_hidden_target_count=0 hit_class_off_lane_empty_count=0 hit_class_unknown_remaining_count=0 root_cell_in_attack_range_count=5 sprite_bounds_cell_in_attack_range_count=3 boss_cell_in_attack_range_count=5 root_in_range_sprite_bounds_out_count=2 root_in_range_sprite_invisible_count=0 sprite_bounds_out_but_root_visible_overlap_count=1 dash_current_root_overlap_count=1 dash_current_visual_overlap_count=1 dash_allowed_candidate_count=1 dash_stale_bosscell_only_count=0 dash_off_lane_empty_count=0 dash_hit_allowed_candidate_count=1 dash_hit_current_visual_overlap_count=1 dash_hit_bosscell_only_count=0 dash_hit_previous_position_suspect_count=0 dash_hit_future_endcell_suspect_count=0 dash_hit_outside_active_lane_count=3 dash_hit_inside_active_damage_lane_count=2 dash_hit_inside_active_warning_lane_count=1
  rl_target_gate: rl_attack_allowed_normal_visible_count=17 rl_attack_allowed_root_visible_overlap_count=13 rl_attack_allowed_dash_current_overlap_count=1 rl_attack_blocked_hidden_target_count=7 rl_attack_blocked_stale_bosscell_count=0 rl_attack_blocked_off_lane_empty_count=0 external_attack_blocked_target_hidden_count=0 hidden_target_successful_hit_after_gate_count=0 root_visible_overlap_successful_hit_after_gate_count=1 dash_current_overlap_successful_hit_after_gate_count=1
  markatk_observation: markatk_real_spawn_count=0 markatk_fake_spawn_count=0 markatk_real_observed_count=0 markatk_fake_observed_count=0 markatk_real_visible_cell_count=0 markatk_fake_visible_cell_count=0 markatk_registry_active_count=0 markatk_registry_stale_count=0 markatk_visible_during_markdash_count=0 markatk_fake_used_by_danger_mask_count=0 markatk_fake_used_by_attack_mask_count=0 fake_marker_in_danger_mask_count=0
  sweep_history_observation: phase2_sweep_history_active_steps=529 previous_warning_2_nonzero_steps=230 previous_damage_1_nonzero_steps=49 recent_sweep_history_nonzero_steps=529 sweep_visible_history_stack_nonzero_steps=529 sweep_history_channel_nonzero_count=7280 sweep_history_channels_added_count=3 next_band_direct_observation_count=0 sweep_sequence_index_observation_count=0
  diagonal_blindspot_wiggle_diag: diagonal_blindspot_bosscell_steps=80 diagonal_blindspot_root_steps=80 diagonal_blindspot_visual_steps=45 diagonal_blindspot_attack_count=12 diagonal_blindspot_attack_hit_count=0 diagonal_blindspot_move_count=59 diagonal_blindspot_back_and_forth_count=3 diagonal_blindspot_axis_exit_count=25 diagonal_blindspot_kept_safe_count=99 diagonal_blindspot_then_player_hit_count=0 diagonal_blindspot_boss_melee_whiff_candidate_count=34 attack_after_diagonal_wiggle_count=0 axis_position_step_count=199 axis_position_player_hit_count=2 axis_position_boss_melee_hit_count=2 diagonal_blindspot_player_hit_count=1 diagonal_blindspot_boss_melee_hit_count=1 axis_vs_diagonal_hit_rate_delta=-0.002 player_in_boss_front_axis=63 player_in_boss_back_axis=50 player_in_boss_left_axis=40 player_in_boss_right_axis=31 player_in_boss_diagonal_blindspot=125
  action_histogram: wait=123 move_up=92 move_down=127 move_left=111 move_right=114 attack=17
  action_space: move_branch=444 attack_branch_intent=17 attack_applied=17 simultaneous_move_attack=15 simultaneous_move_attack_allowed=15 simultaneous_move_attack_blocked=0 simultaneous_move_attack_successful_hit=3 attack_while_moving=8 diagonal_blindspot_move_attack=10 dash_current_overlap_move_attack=0 safe_opp_attack_ratio=44.7 %
  attack_range: in_range_steps=60 atk_in_range=17 atk_out_range=0 avg_dist=2.12 first_atk_dist=2.00
  distance_position: avg_distance_to_boss=3.30 min_distance_to_boss=0 max_distance_to_boss=9 time_in_attack_range_steps=60 time_out_of_attack_range_steps=509 entered_attack_range_count=42 left_attack_range_count=42
  hazard: warn_steps=73 dmg_steps=4 atk_on_warn=0 atk_on_dmg=0 atk_on_recent_warn=0 atk_on_recent_dmg=0
  recent_danger: on_recent_warn_steps=79 on_recent_dmg_steps=6 recent_warn_cells_now=14 recent_dmg_cells_now=0
  warn_reentry: reentry=0 dmg_soon=0 hit_soon=0 hit_after_avoid=0
  opportunity: safe_opp_steps=38 safe_taken=17 safe_hit=0 safe_missed=17 in_range_no_attack=22 atk_out_of_range=0 atk_danger_nearby=7
  safe_opp_action: total=38 attack=17 wait=4 move=32 missed=21 attack_ratio=44.7 % wait_ratio=10.5 % move_ratio=84.2 % move_toward_boss=9 move_away_from_boss=9 move_lateral=14
  safe_opp_move_trace_summary: samples=5 total_moves=32 useful_escape=2 kept_attack_range=10 left_attack_range=22 away_without_danger=4 hit_within_2s=0 no_hit_no_damage=3 attack_would_have_been_allowed=32
  warning_on_player: spawn_count=21 safe_move_available=9 escape_success=18 escape_fail=2 hit=2 chosen_wait=6 chosen_attack=0 chosen_move=15 spawn_to_damage_frames_avg=30.0 decision_before_damage=2 no_decision_before_damage=0
  boss_facing_diag: facing_changed_warning_to_damage=0 hit_when_facing_changed=0 hit_by_original_warning_direction=2 hit_by_rotated_damage_direction=0 pattern_hit_unknown=2
  attack_allowed_action: allowed_steps=38 chosen_attack_when_allowed=17 missed_allowed_attack=21
  delayed_hit: safe_same_step=0 safe_0.3s=5 safe_0.5s=5 out_of_range_0.5s=0 unsafe_0.5s=0
  move_danger_mask: warn_when_safe=171 recent_warn_when_safe=87 dmg_when_safe=29 least_danger_opened=42 wait_masked=37 safe_avail_steps=527 chose_safe=232 chose_danger=20
  danger: nearby_steps=247 wait_while_danger=63 safe_move=86 danger_move=20 attack=7 move_into_warn=18 move_into_dmg=0 move_into_recent_warn=20 move_into_recent_dmg=1
  hit_analysis: hit_on_warn=2 hit_on_dmg=2 hit_on_recent_warn=2 hit_safe_move_avail=1 avoidable=1 hit_after_move_danger=1 warn_to_hit_avg_steps=5.0
  player: hits=2 first_hit_step=1420 first_hit_time=28.4s death_time=56.9s
  move: actions=444 success=252 wall_blocked=0 wall_ratio=0 % (U=0 D=0 L=0 R=0) wait_actions=125
[BossRLReset] queue_reload reload_count=9 time=113.018
[BossRLReset] before_load_scene reload_count=9 time=113.028 elapsed_since_queue=0.010s
Unloading 3 Unused Serialized files (Serialized files now loaded: 0)
UnloadTime: 0.737400 ms
[BossRLReset] after_scene_loaded reload_count=10 time=113.034
Unloading 15 unused Assets to reduce memory usage. Loaded Objects now: 4225.
Total: 2.081100 ms (FindLiveObjects: 0.252700 ms CreateObjectMapping: 0.111600 ms MarkObjects: 1.697400 ms  DeleteObjects: 0.019200 ms)

[BossRL] step=50 r=-0.001 onWarn=False onDmg=False act=0(atk=False) inRange=False move=None wallRatio=0 % warnReentry=0
[BossRL] safe_opp_move_trace episode=2 step=15 action=MOVE_LEFT player_cell=(2, 3) boss_cell=(1, 1) dist_before=3 dist_after=2 remained_in_attack_range_after_move=True left_attack_range_after_move=False toward=True away=False lateral=False danger_nearby=False next_warn=False next_dmg=False next_recent_warn=False next_recent_dmg=False safe_move_alternatives=3 attack_allowed=True boss_hp_before=60
[BossRL] step=100 r=-0.001 onWarn=False onDmg=False act=2(atk=False) inRange=False move=Busy wallRatio=0 % warnReentry=0
[BossRL] safe_opp_move_trace episode=2 step=21 action=MOVE_RIGHT player_cell=(1, 3) boss_cell=(0, 2) dist_before=2 dist_after=3 remained_in_attack_range_after_move=False left_attack_range_after_move=True toward=False away=True lateral=False danger_nearby=False next_warn=False next_dmg=False next_recent_warn=False next_recent_dmg=False safe_move_alternatives=3 attack_allowed=True boss_hp_before=60
[BossRL] step=150 r=-0.001 onWarn=False onDmg=False act=2(atk=False) inRange=False move=Busy wallRatio=0 % warnReentry=0
[BossRL] safe_opp_move_trace_result episode=2 step=15 boss_hp_before=60 boss_hp_after_0.5s=60 boss_damage_after_0.5s=0 hit_within_1s=False hit_within_2s=False useful_escape=False no_hit_no_damage=True
[BossRL] step=200 r=-0.001 onWarn=False onDmg=False act=4(atk=False) inRange=True move=Busy wallRatio=0 % warnReentry=0
[BossRL] safe_opp_move_trace_result episode=2 step=21 boss_hp_before=60 boss_hp_after_0.5s=60 boss_damage_after_0.5s=0 hit_within_1s=False hit_within_2s=False useful_escape=False no_hit_no_damage=True
[BossRL] step=250 r=-0.201 onWarn=True onDmg=False act=2(atk=False) inRange=False move=WillMove wallRatio=0 % warnReentry=0
[BossRL] step=300 r=-0.001 onWarn=False onDmg=False act=1(atk=False) inRange=False move=WillMove wallRatio=0 % warnReentry=0
[BossRL] step=350 r=-0.001 onWarn=False onDmg=False act=3(atk=False) inRange=False move=WillMove wallRatio=0 % warnReentry=0
[BossRL] step=400 r=-0.001 onWarn=False onDmg=False act=4(atk=True) inRange=True move=WillMove wallRatio=0 % warnReentry=0
[BossRL] step=450 r=-0.101 onWarn=True onDmg=False act=0(atk=False) inRange=False move=None wallRatio=0 % warnReentry=0
[BossRL] step=500 r=-0.001 onWarn=False onDmg=False act=4(atk=False) inRange=False move=WillMove wallRatio=0 % warnReentry=0
[BossRL] step=550 r=-0.001 onWarn=False onDmg=False act=2(atk=False) inRange=False move=Busy wallRatio=0 % warnReentry=0
[BossRL] step=600 r=-0.001 onWarn=False onDmg=False act=0(atk=False) inRange=False move=None wallRatio=0 % warnReentry=0
[BossRL] step=650 r=-0.001 onWarn=False onDmg=False act=3(atk=False) inRange=True move=WillMove wallRatio=0 % warnReentry=0
[BossRL] step=700 r=-0.001 onWarn=False onDmg=False act=0(atk=False) inRange=False move=None wallRatio=0 % warnReentry=0
[BossRL] step=750 r=-0.001 onWarn=False onDmg=False act=1(atk=False) inRange=False move=Busy wallRatio=0 % warnReentry=0
[BossRL] step=800 r=-0.001 onWarn=False onDmg=False act=3(atk=False) inRange=False move=Busy wallRatio=0 % warnReentry=0
[BossRL] step=850 r=-0.001 onWarn=False onDmg=False act=2(atk=False) inRange=False move=WillMove wallRatio=0 % warnReentry=0
[BossRL] step=900 r=-0.001 onWarn=False onDmg=False act=2(atk=False) inRange=False move=WillMove wallRatio=0 % warnReentry=0
[BossRL] step=950 r=-0.001 onWarn=False onDmg=False act=1(atk=False) inRange=False move=WillMove wallRatio=0 % warnReentry=0
[BossRL] step=1000 r=-0.001 onWarn=False onDmg=False act=1(atk=False) inRange=False move=WillMove wallRatio=0 % warnReentry=0
